Widget,Variant Core CSS,Variant Editorial CSS,Variant Cyber CSS,Status
"ACF Flexible Content",.astrax-variant-core,.astrax-variant-editorial,.astrax-variant-cyber,PASS
"ACF Gallery",.astrax-variant-core,.astrax-variant-editorial,.astrax-variant-cyber,PASS
"ACF Group",.astrax-variant-core,.astrax-variant-editorial,.astrax-variant-cyber,PASS
"ACF Image",.astrax-variant-core,.astrax-variant-editorial,.astrax-variant-cyber,PASS
"ACF Link",.astrax-variant-core,.astrax-variant-editorial,.astrax-variant-cyber,PASS
"ACF Relationship",.astrax-variant-core,.astrax-variant-editorial,.astrax-variant-cyber,PASS
"ACF Repeater",.astrax-variant-core,.astrax-variant-editorial,.astrax-variant-cyber,PASS
"ACF Text",.astrax-variant-core,.astrax-variant-editorial,.astrax-variant-cyber,PASS
"ACF URL",.astrax-variant-core,.astrax-variant-editorial,.astrax-variant-cyber,PASS
"AI Blog Generator",.astrax-variant-core,.astrax-variant-editorial,.astrax-variant-cyber,PASS
"AI Chatbot",.astrax-variant-core,.astrax-variant-editorial,.astrax-variant-cyber,PASS
"AI Content Improver",.astrax-variant-core,.astrax-variant-editorial,.astrax-variant-cyber,PASS
"AI Content Writer",.astrax-variant-core,.astrax-variant-editorial,.astrax-variant-cyber,PASS
"AI FAQ Generator",.astrax-variant-core,.astrax-variant-editorial,.astrax-variant-cyber,PASS
"AI Form Assistant",.astrax-variant-core,.astrax-variant-editorial,.astrax-variant-cyber,PASS
"AI Image Generator",.astrax-variant-core,.astrax-variant-editorial,.astrax-variant-cyber,PASS
"AI Product Description",.astrax-variant-core,.astrax-variant-editorial,.astrax-variant-cyber,PASS
"AI Recommendations",.astrax-variant-core,.astrax-variant-editorial,.astrax-variant-cyber,PASS
"AI Search",.astrax-variant-core,.astrax-variant-editorial,.astrax-variant-cyber,PASS
"AI Summarizer",.astrax-variant-core,.astrax-variant-editorial,.astrax-variant-cyber,PASS
"AI Text Generator",.astrax-variant-core,.astrax-variant-editorial,.astrax-variant-cyber,PASS
"AI Translation",.astrax-variant-core,.astrax-variant-editorial,.astrax-variant-cyber,PASS
"Advanced Button",.astrax-variant-core,.astrax-variant-editorial,.astrax-variant-cyber,PASS
"Advanced Heading",.astrax-variant-core,.astrax-variant-editorial,.astrax-variant-cyber,PASS
"Cursor Effects",.astrax-variant-core,.astrax-variant-editorial,.astrax-variant-cyber,PASS
"Custom Cursor",.astrax-variant-core,.astrax-variant-editorial,.astrax-variant-cyber,PASS
"Floating Elements",.astrax-variant-core,.astrax-variant-editorial,.astrax-variant-cyber,PASS
"Hover Animation",.astrax-variant-core,.astrax-variant-editorial,.astrax-variant-cyber,PASS
"Image Reveal",.astrax-variant-core,.astrax-variant-editorial,.astrax-variant-cyber,PASS
"Infinite Slider",.astrax-variant-core,.astrax-variant-editorial,.astrax-variant-cyber,PASS