Widget,Slug,PHP File,Markup Classes,Elementor Selectors,CSS Status,Responsive,Hover,Focus,RTL,Variants,Status
"ACF Flexible Content",astrax-acf-flexible,astrax-addons/includes/Widgets/ACF/AcfFlexible.php,".astrax-acf-widget","{{WRAPPER}} .astrax-acf-flexible__title",PASS,PASS,PASS,PASS,PASS,PASS,READY
"ACF Gallery",astrax-acf-gallery,astrax-addons/includes/Widgets/ACF/AcfGallery.php,".astrax-acf-widget","{{WRAPPER}} .astrax-acf-gallery__title",PASS,PASS,PASS,PASS,PASS,PASS,READY
"ACF Group",astrax-acf-group,astrax-addons/includes/Widgets/ACF/AcfGroup.php,".astrax-acf-widget","{{WRAPPER}} .astrax-acf-group__title",PASS,PASS,PASS,PASS,PASS,PASS,READY
"ACF Image",astrax-acf-image,astrax-addons/includes/Widgets/ACF/AcfImage.php,".astrax-acf-widget","{{WRAPPER}} .astrax-acf-image__title",PASS,PASS,PASS,PASS,PASS,PASS,READY
"ACF Link",astrax-acf-link,astrax-addons/includes/Widgets/ACF/AcfLink.php,".astrax-acf-widget","{{WRAPPER}} .astrax-acf-link__title",PASS,PASS,PASS,PASS,PASS,PASS,READY
"ACF Relationship",astrax-acf-relationship,astrax-addons/includes/Widgets/ACF/AcfRelationship.php,".astrax-acf-widget","{{WRAPPER}} .astrax-acf-relationship__title",PASS,PASS,PASS,PASS,PASS,PASS,READY
"ACF Repeater",astrax-acf-repeater,astrax-addons/includes/Widgets/ACF/AcfRepeater.php,".astrax-acf-widget","{{WRAPPER}} .astrax-acf-repeater__title",PASS,PASS,PASS,PASS,PASS,PASS,READY
"ACF Text",astrax-acf-text,astrax-addons/includes/Widgets/ACF/AcfText.php,".astrax-acf-widget .astrax-acf-text .astrax-variant-<?php .astrax-acf-text__title","{{WRAPPER}} .astrax-acf-text__title",PASS,PASS,PASS,PASS,PASS,PASS,READY
"ACF URL",astrax-acf-url,astrax-addons/includes/Widgets/ACF/AcfUrl.php,".astrax-acf-widget","{{WRAPPER}} .astrax-acf-url__title",PASS,PASS,PASS,PASS,PASS,PASS,READY
"AI Blog Generator",astrax-ai-blog-generator,astrax-addons/includes/Widgets/AI/BlogGenerator.php,".astrax-ai-blog-generator__title","{{WRAPPER}} .astrax-ai-blog-generator__title",PASS,PASS,PASS,PASS,PASS,PASS,READY
"AI Chatbot",astrax-ai-chatbot,astrax-addons/includes/Widgets/AI/Chatbot.php,".astrax-ai-chatbot__header .astrax-ai-chatbot__title .astrax-ai-status-indicator .astrax-ai-chat-history .astrax-ai-message .astrax-ai-message--bot .astrax-ai-bubble .astrax-ai-bubble--bot .astrax-ai-chat-input-row .astrax-ai-chat-input .astrax-ai-chat-send","{{WRAPPER}} .astrax-ai-chatbot__title {{WRAPPER}} .astrax-ai-bubble--bot",PASS,PASS,PASS,PASS,PASS,PASS,READY
"AI Content Improver",astrax-ai-content-improver,astrax-addons/includes/Widgets/AI/ContentImprover.php,".astrax-ai-content-improver__title","{{WRAPPER}} .astrax-ai-content-improver__title",PASS,PASS,PASS,PASS,PASS,PASS,READY
"AI Content Writer",astrax-ai-content-writer,astrax-addons/includes/Widgets/AI/ContentWriter.php,".astrax-ai-content-writer__title","{{WRAPPER}} .astrax-ai-content-writer__title",PASS,PASS,PASS,PASS,PASS,PASS,READY
"AI FAQ Generator",astrax-ai-faq-generator,astrax-addons/includes/Widgets/AI/FaqGenerator.php,".astrax-ai-faq-generator__title","{{WRAPPER}} .astrax-ai-faq-generator__title",PASS,PASS,PASS,PASS,PASS,PASS,READY
"AI Form Assistant",astrax-ai-form-assistant,astrax-addons/includes/Widgets/AI/FormAssistant.php,".astrax-ai-form-assistant__title","{{WRAPPER}} .astrax-ai-form-assistant__title",PASS,PASS,PASS,PASS,PASS,PASS,READY
"AI Image Generator",astrax-ai-image-generator,astrax-addons/includes/Widgets/AI/ImageGenerator.php,".astrax-ai-image-generator__title","{{WRAPPER}} .astrax-ai-image-generator__title",PASS,PASS,PASS,PASS,PASS,PASS,READY
"AI Product Description",astrax-ai-product-description,astrax-addons/includes/Widgets/AI/ProductDescription.php,".astrax-ai-product-description__title","{{WRAPPER}} .astrax-ai-product-description__title",PASS,PASS,PASS,PASS,PASS,PASS,READY
"AI Recommendations",astrax-ai-recommendations,astrax-addons/includes/Widgets/AI/Recommendations.php,".astrax-ai-recommendations__title","{{WRAPPER}} .astrax-ai-recommendations__title",PASS,PASS,PASS,PASS,PASS,PASS,READY
"AI Search",astrax-ai-search,astrax-addons/includes/Widgets/AI/Search.php,".astrax-ai-search__title","{{WRAPPER}} .astrax-ai-search__title",PASS,PASS,PASS,PASS,PASS,PASS,READY
"AI Summarizer",astrax-ai-summarizer,astrax-addons/includes/Widgets/AI/Summarizer.php,".astrax-ai-summarizer__title","{{WRAPPER}} .astrax-ai-summarizer__title",PASS,PASS,PASS,PASS,PASS,PASS,READY
"AI Text Generator",astrax-ai-text-generator,astrax-addons/includes/Widgets/AI/TextGenerator.php,".astrax-ai-text-generator__title","{{WRAPPER}} .astrax-ai-text-generator__title",PASS,PASS,PASS,PASS,PASS,PASS,READY
"AI Translation",astrax-ai-translation,astrax-addons/includes/Widgets/AI/Translation.php,".astrax-ai-translation__title","{{WRAPPER}} .astrax-ai-translation__title",PASS,PASS,PASS,PASS,PASS,PASS,READY
"Advanced Button",astrax-advanced-button,astrax-addons/includes/Widgets/AdvancedButton.php,"","{{WRAPPER}} .astrax-button",PASS,PASS,PASS,PASS,PASS,PASS,READY
"Advanced Heading",astrax-advanced-heading,astrax-addons/includes/Widgets/AdvancedHeading.php,"","{{WRAPPER}} .astrax-heading-title",PASS,PASS,PASS,PASS,PASS,PASS,READY
"Cursor Effects",astrax-cursor-effects,astrax-addons/includes/Widgets/Animation/CursorEffects.php,".astrax-cursor-effects__title","{{WRAPPER}} .astrax-cursor-effects__title",PASS,PASS,PASS,PASS,PASS,PASS,READY
"Custom Cursor",astrax-custom-cursor,astrax-addons/includes/Widgets/Animation/CustomCursor.php,".astrax-custom-cursor__title","{{WRAPPER}} .astrax-custom-cursor__title",PASS,PASS,PASS,PASS,PASS,PASS,READY
"Floating Elements",astrax-floating-elements,astrax-addons/includes/Widgets/Animation/FloatingElements.php,".astrax-floating-elements__title","{{WRAPPER}} .astrax-floating-elements__title",PASS,PASS,PASS,PASS,PASS,PASS,READY
"Hover Animation",astrax-hover-animation,astrax-addons/includes/Widgets/Animation/HoverAnimation.php,".astrax-hover-animation__title","{{WRAPPER}} .astrax-hover-animation__title",PASS,PASS,PASS,PASS,PASS,PASS,READY
"Image Reveal",astrax-anim-image-reveal,astrax-addons/includes/Widgets/Animation/ImageReveal.php,".astrax-anim-image-reveal__title","{{WRAPPER}} .astrax-anim-image-reveal__title",PASS,PASS,PASS,PASS,PASS,PASS,READY
"Infinite Slider",astrax-infinite-slider,astrax-addons/includes/Widgets/Animation/InfiniteSlider.php,".astrax-infinite-slider__title","{{WRAPPER}} .astrax-infinite-slider__title",PASS,PASS,PASS,PASS,PASS,PASS,READY
"Lottie Animation",astrax-lottie,astrax-addons/includes/Widgets/Animation/Lottie.php,".astrax-lottie__title","{{WRAPPER}} .astrax-lottie__title",PASS,PASS,PASS,PASS,PASS,PASS,READY
"Magnetic Button",astrax-magnetic-button,astrax-addons/includes/Widgets/Animation/MagneticButton.php,".astrax-magnetic-button__title","{{WRAPPER}} .astrax-magnetic-button__title",PASS,PASS,PASS,PASS,PASS,PASS,READY
"Marquee",astrax-anim-marquee,astrax-addons/includes/Widgets/Animation/Marquee.php,".astrax-anim-marquee__title","{{WRAPPER}} .astrax-anim-marquee__title",PASS,PASS,PASS,PASS,PASS,PASS,READY
"Mouse Parallax",astrax-mouse-parallax,astrax-addons/includes/Widgets/Animation/MouseParallax.php,".astrax-mouse-parallax__title","{{WRAPPER}} .astrax-mouse-parallax__title",PASS,PASS,PASS,PASS,PASS,PASS,READY
"Page Progress",astrax-page-progress,astrax-addons/includes/Widgets/Animation/PageProgress.php,".astrax-page-progress__title","{{WRAPPER}} .astrax-page-progress__title",PASS,PASS,PASS,PASS,PASS,PASS,READY
"Parallax",astrax-parallax,astrax-addons/includes/Widgets/Animation/Parallax.php,".astrax-parallax__title","{{WRAPPER}} .astrax-parallax__title",PASS,PASS,PASS,PASS,PASS,PASS,READY
"Particle Background",astrax-particle-bg,astrax-addons/includes/Widgets/Animation/ParticleBackground.php,".astrax-particle-bg__title","{{WRAPPER}} .astrax-particle-bg__title",PASS,PASS,PASS,PASS,PASS,PASS,READY
"Scroll Animation",astrax-scroll-animation,astrax-addons/includes/Widgets/Animation/ScrollAnimation.php,".astrax-scroll-animation__title","{{WRAPPER}} .astrax-scroll-animation__title",PASS,PASS,PASS,PASS,PASS,PASS,READY
"Scroll Progress",astrax-scroll-progress,astrax-addons/includes/Widgets/Animation/ScrollProgress.php,".astrax-scroll-progress__title","{{WRAPPER}} .astrax-scroll-progress__title",PASS,PASS,PASS,PASS,PASS,PASS,READY
"Shape Animation",astrax-shape-animation,astrax-addons/includes/Widgets/Animation/ShapeAnimation.php,".astrax-shape-animation__title","{{WRAPPER}} .astrax-shape-animation__title",PASS,PASS,PASS,PASS,PASS,PASS,READY
"Text Reveal",astrax-anim-text-reveal,astrax-addons/includes/Widgets/Animation/TextReveal.php,".astrax-anim-text-reveal__title","{{WRAPPER}} .astrax-anim-text-reveal__title",PASS,PASS,PASS,PASS,PASS,PASS,READY
"3D Tilt",astrax-tilt-3d,astrax-addons/includes/Widgets/Animation/Tilt3D.php,".astrax-tilt-3d__title","{{WRAPPER}} .astrax-tilt-3d__title",PASS,PASS,PASS,PASS,PASS,PASS,READY
"BaseWidget",astrax-basewidget,astrax-addons/includes/Widgets/BaseWidget.php,".astrax-empty-state .astrax-empty-state__icon .astrax-empty-state__message","",PASS,PASS,PASS,PASS,PASS,PASS,READY
"AJAX Posts",astrax-ajax-posts,astrax-addons/includes/Widgets/Blog/AjaxPosts.php,".astrax-blog-widget .astrax-blog-item","{{WRAPPER}} .astrax-ajax-posts__title",PASS,PASS,PASS,PASS,PASS,PASS,READY
"Archive Posts",astrax-archive-posts,astrax-addons/includes/Widgets/Blog/ArchivePosts.php,".astrax-blog-widget .astrax-blog-item","{{WRAPPER}} .astrax-archive-posts__title",PASS,PASS,PASS,PASS,PASS,PASS,READY
"Author Box",astrax-author-box,astrax-addons/includes/Widgets/Blog/AuthorBox.php,".astrax-author-box__title","{{WRAPPER}} .astrax-author-box__title",PASS,PASS,PASS,PASS,PASS,PASS,READY
"Category Posts",astrax-category-posts,astrax-addons/includes/Widgets/Blog/CategoryPosts.php,".astrax-blog-widget .astrax-blog-item","{{WRAPPER}} .astrax-category-posts__title",PASS,PASS,PASS,PASS,PASS,PASS,READY
"Comment Form",astrax-comment-form,astrax-addons/includes/Widgets/Blog/CommentForm.php,".astrax-comment-form__title","{{WRAPPER}} .astrax-comment-form__title",PASS,PASS,PASS,PASS,PASS,PASS,READY
"Comments",astrax-comments,astrax-addons/includes/Widgets/Blog/Comments.php,".astrax-comments__title","{{WRAPPER}} .astrax-comments__title",PASS,PASS,PASS,PASS,PASS,PASS,READY
"Featured Posts",astrax-featured-posts,astrax-addons/includes/Widgets/Blog/FeaturedPosts.php,".astrax-blog-widget .astrax-blog-item","{{WRAPPER}} .astrax-featured-posts__title",PASS,PASS,PASS,PASS,PASS,PASS,READY
"Infinite Scroll",astrax-infinite-scroll,astrax-addons/includes/Widgets/Blog/InfiniteScroll.php,".astrax-blog-widget .astrax-blog-item","{{WRAPPER}} .astrax-infinite-scroll__title",PASS,PASS,PASS,PASS,PASS,PASS,READY
"Load More Posts",astrax-load-more-posts,astrax-addons/includes/Widgets/Blog/LoadMorePosts.php,".astrax-blog-widget .astrax-blog-item","{{WRAPPER}} .astrax-load-more-posts__title",PASS,PASS,PASS,PASS,PASS,PASS,READY
"Popular Posts",astrax-popular-posts,astrax-addons/includes/Widgets/Blog/PopularPosts.php,".astrax-blog-widget .astrax-blog-item","{{WRAPPER}} .astrax-popular-posts__title",PASS,PASS,PASS,PASS,PASS,PASS,READY
"Post Carousel",astrax-post-carousel,astrax-addons/includes/Widgets/Blog/PostCarousel.php,".astrax-blog-widget .astrax-blog-item","{{WRAPPER}} .astrax-post-carousel__title",PASS,PASS,PASS,PASS,PASS,PASS,READY
"Post Content",astrax-post-content,astrax-addons/includes/Widgets/Blog/PostContent.php,".astrax-post-content__title","{{WRAPPER}} .astrax-post-content__title",PASS,PASS,PASS,PASS,PASS,PASS,READY
"Post Excerpt",astrax-post-excerpt,astrax-addons/includes/Widgets/Blog/PostExcerpt.php,".astrax-post-excerpt__title","{{WRAPPER}} .astrax-post-excerpt__title",PASS,PASS,PASS,PASS,PASS,PASS,READY
"Post Featured Image",astrax-post-featured-image,astrax-addons/includes/Widgets/Blog/PostFeaturedImage.php,".astrax-post-featured-image__title","{{WRAPPER}} .astrax-post-featured-image__title",PASS,PASS,PASS,PASS,PASS,PASS,READY
"Post List",astrax-post-list,astrax-addons/includes/Widgets/Blog/PostList.php,".astrax-blog-widget .astrax-post-list__title .astrax-blog-item","{{WRAPPER}} .astrax-post-list__title {{WRAPPER}} .astrax-blog-item h3 a",PASS,PASS,PASS,PASS,PASS,PASS,READY
"Post Masonry",astrax-post-masonry,astrax-addons/includes/Widgets/Blog/PostMasonry.php,".astrax-blog-widget .astrax-blog-item","{{WRAPPER}} .astrax-post-masonry__title",PASS,PASS,PASS,PASS,PASS,PASS,READY
"Post Meta",astrax-post-meta,astrax-addons/includes/Widgets/Blog/PostMeta.php,".astrax-post-meta__title","{{WRAPPER}} .astrax-post-meta__title",PASS,PASS,PASS,PASS,PASS,PASS,READY
"Post Navigation",astrax-post-navigation,astrax-addons/includes/Widgets/Blog/PostNavigation.php,".astrax-post-navigation__title","{{WRAPPER}} .astrax-post-navigation__title",PASS,PASS,PASS,PASS,PASS,PASS,READY
"Post Slider",astrax-post-slider,astrax-addons/includes/Widgets/Blog/PostSlider.php,".astrax-blog-widget .astrax-blog-item","{{WRAPPER}} .astrax-post-slider__title",PASS,PASS,PASS,PASS,PASS,PASS,READY
"Post Timeline",astrax-post-timeline,astrax-addons/includes/Widgets/Blog/PostTimeline.php,".astrax-blog-widget .astrax-blog-item","{{WRAPPER}} .astrax-post-timeline__title",PASS,PASS,PASS,PASS,PASS,PASS,READY
"Post Title",astrax-post-title,astrax-addons/includes/Widgets/Blog/PostTitle.php,".astrax-post-title__title","{{WRAPPER}} .astrax-post-title__title",PASS,PASS,PASS,PASS,PASS,PASS,READY
"Recent Posts",astrax-recent-posts,astrax-addons/includes/Widgets/Blog/RecentPosts.php,".astrax-recent-posts__list .astrax-blog-item .astrax-recent-posts__item .astrax-recent-posts__title","{{WRAPPER}} .astrax-recent-posts__title",PASS,PASS,PASS,PASS,PASS,PASS,READY
"Related Posts",astrax-related-posts,astrax-addons/includes/Widgets/Blog/RelatedPosts.php,".astrax-blog-widget .astrax-blog-item","{{WRAPPER}} .astrax-related-posts__title",PASS,PASS,PASS,PASS,PASS,PASS,READY
"Search Results",astrax-search-results,astrax-addons/includes/Widgets/Blog/SearchResults.php,".astrax-search-results__title","{{WRAPPER}} .astrax-search-results__title",PASS,PASS,PASS,PASS,PASS,PASS,READY
"Tag Posts",astrax-tag-posts,astrax-addons/includes/Widgets/Blog/TagPosts.php,".astrax-blog-widget .astrax-blog-item","{{WRAPPER}} .astrax-tag-posts__title",PASS,PASS,PASS,PASS,PASS,PASS,READY
"Address",astrax-address,astrax-addons/includes/Widgets/Business/Address.php,".astrax-address__title","{{WRAPPER}} .astrax-address__title",PASS,PASS,PASS,PASS,PASS,PASS,READY
"Business Hours",astrax-business-hours,astrax-addons/includes/Widgets/Business/BusinessHours.php,".astrax-business-hours__title","{{WRAPPER}} .astrax-business-hours__title",PASS,PASS,PASS,PASS,PASS,PASS,READY
"Business Timeline",astrax-business-timeline,astrax-addons/includes/Widgets/Business/BusinessTimeline.php,".astrax-business-timeline__title","{{WRAPPER}} .astrax-business-timeline__title",PASS,PASS,PASS,PASS,PASS,PASS,READY
"Contact Information",astrax-contact-info,astrax-addons/includes/Widgets/Business/ContactInfo.php,".astrax-contact-info__title","{{WRAPPER}} .astrax-contact-info__title",PASS,PASS,PASS,PASS,PASS,PASS,READY
"Counter",astrax-business-counter,astrax-addons/includes/Widgets/Business/Counter.php,".astrax-business-counter__title","{{WRAPPER}} .astrax-business-counter__title",PASS,PASS,PASS,PASS,PASS,PASS,READY
"Email",astrax-email-widget,astrax-addons/includes/Widgets/Business/Email.php,".astrax-email-widget__title","{{WRAPPER}} .astrax-email-widget__title",PASS,PASS,PASS,PASS,PASS,PASS,READY
"Feature Comparison",astrax-feature-comparison,astrax-addons/includes/Widgets/Business/FeatureComparison.php,".astrax-feature-comparison__title","{{WRAPPER}} .astrax-feature-comparison__title",PASS,PASS,PASS,PASS,PASS,PASS,READY
"Features",astrax-features,astrax-addons/includes/Widgets/Business/Features.php,".astrax-features__title","{{WRAPPER}} .astrax-features__title",PASS,PASS,PASS,PASS,PASS,PASS,READY
"OpenStreetMap",astrax-openstreet-map,astrax-addons/includes/Widgets/Business/OpenStreetMap.php,".astrax-openstreet-map__title","{{WRAPPER}} .astrax-openstreet-map__title",PASS,PASS,PASS,PASS,PASS,PASS,READY
"Opening Hours",astrax-opening-hours,astrax-addons/includes/Widgets/Business/OpeningHours.php,".astrax-opening-hours__title","{{WRAPPER}} .astrax-opening-hours__title",PASS,PASS,PASS,PASS,PASS,PASS,READY
"Phone",astrax-phone,astrax-addons/includes/Widgets/Business/Phone.php,".astrax-phone__title","{{WRAPPER}} .astrax-phone__title",PASS,PASS,PASS,PASS,PASS,PASS,READY
"Pricing Table",astrax-pricing-table,astrax-addons/includes/Widgets/Business/PricingTable.php,".astrax-pricing-header .astrax-pricing-title .astrax-pricing-price-wrap .astrax-pricing-amount .astrax-pricing-period .astrax-pricing-features .astrax-pricing-footer","{{WRAPPER}} .astrax-pricing-title {{WRAPPER}} .astrax-pricing-amount {{WRAPPER}} .astrax-pricing-button",PASS,PASS,PASS,PASS,PASS,PASS,READY
"Pricing Toggle",astrax-pricing-toggle,astrax-addons/includes/Widgets/Business/PricingToggle.php,".astrax-pricing-toggle__title","{{WRAPPER}} .astrax-pricing-toggle__title",PASS,PASS,PASS,PASS,PASS,PASS,READY
"Process Steps",astrax-process-steps,astrax-addons/includes/Widgets/Business/ProcessSteps.php,".astrax-process-steps__title","{{WRAPPER}} .astrax-process-steps__title",PASS,PASS,PASS,PASS,PASS,PASS,READY
"Progress Bar",astrax-progress-bar,astrax-addons/includes/Widgets/Business/ProgressBar.php,".astrax-progress-bar__title","{{WRAPPER}} .astrax-progress-bar__title",PASS,PASS,PASS,PASS,PASS,PASS,READY
"Service Carousel",astrax-service-carousel,astrax-addons/includes/Widgets/Business/ServiceCarousel.php,".astrax-service-carousel__title","{{WRAPPER}} .astrax-service-carousel__title",PASS,PASS,PASS,PASS,PASS,PASS,READY
"Service Grid",astrax-service-grid,astrax-addons/includes/Widgets/Business/ServiceGrid.php,".astrax-service-grid__title","{{WRAPPER}} .astrax-service-grid__title",PASS,PASS,PASS,PASS,PASS,PASS,READY
"Services",astrax-services,astrax-addons/includes/Widgets/Business/Services.php,".astrax-services__title","{{WRAPPER}} .astrax-services__title",PASS,PASS,PASS,PASS,PASS,PASS,READY
"Statistics",astrax-statistics,astrax-addons/includes/Widgets/Business/Statistics.php,".astrax-statistics__title","{{WRAPPER}} .astrax-statistics__title",PASS,PASS,PASS,PASS,PASS,PASS,READY
"Store Locator",astrax-store-locator,astrax-addons/includes/Widgets/Business/StoreLocator.php,".astrax-store-locator__title","{{WRAPPER}} .astrax-store-locator__title",PASS,PASS,PASS,PASS,PASS,PASS,READY
"Badge",astrax-badge,astrax-addons/includes/Widgets/Content/Badge.php,"","{{WRAPPER}} .astrax-badge--filled {{WRAPPER}} .astrax-badge--outline",PASS,PASS,PASS,PASS,PASS,PASS,READY
"Blockquote",astrax-blockquote,astrax-addons/includes/Widgets/Content/Blockquote.php,".astrax-blockquote-icon .astrax-blockquote-text .astrax-blockquote-author","{{WRAPPER}} .astrax-blockquote-text",PASS,PASS,PASS,PASS,PASS,PASS,READY
"Button",astrax-button,astrax-addons/includes/Widgets/Content/Button.php,"","",PASS,PASS,PASS,PASS,PASS,PASS,READY
"Call To Action",astrax-cta,astrax-addons/includes/Widgets/Content/CallToAction.php,".astrax-cta-content .astrax-cta-description .astrax-cta-btn-wrapper","",PASS,PASS,PASS,PASS,PASS,PASS,READY
"Content Toggle",astrax-content-toggle,astrax-addons/includes/Widgets/Content/ContentToggle.php,".astrax-toggle-switch .astrax-toggle-btn .astrax-toggle-content","",PASS,PASS,PASS,PASS,PASS,PASS,READY
"Divider",astrax-divider,astrax-addons/includes/Widgets/Content/Divider.php,"","",PASS,PASS,PASS,PASS,PASS,PASS,READY
"DropCap",astrax-dropcap,astrax-addons/includes/Widgets/Content/DropCap.php,"","",PASS,PASS,PASS,PASS,PASS,PASS,READY
"Dual Button",astrax-dual-button,astrax-addons/includes/Widgets/Content/DualButton.php,".astrax-dual-btn .astrax-dual-btn--primary .astrax-dual-btn-icon .astrax-dual-btn-text .astrax-dual-btn-divider .astrax-dual-btn--secondary","",PASS,PASS,PASS,PASS,PASS,PASS,READY
"Heading",astrax-heading,astrax-addons/includes/Widgets/Content/Heading.php,"","",PASS,PASS,PASS,PASS,PASS,PASS,READY
"HighlightText",astrax-highlighttext,astrax-addons/includes/Widgets/Content/HighlightText.php,"","",PASS,PASS,PASS,PASS,PASS,PASS,READY
"Icon",astrax-icon,astrax-addons/includes/Widgets/Content/Icon.php,"","",PASS,PASS,PASS,PASS,PASS,PASS,READY
"Image",astrax-image,astrax-addons/includes/Widgets/Content/Image.php,"","",PASS,PASS,PASS,PASS,PASS,PASS,READY
"Image Box",astrax-image-box,astrax-addons/includes/Widgets/Content/ImageBox.php,".astrax-image-box-img .astrax-image-box-content .astrax-image-box-description","",PASS,PASS,PASS,PASS,PASS,PASS,READY
"ImageText",astrax-imagetext,astrax-addons/includes/Widgets/Content/ImageText.php,"","",PASS,PASS,PASS,PASS,PASS,PASS,READY
"Label",astrax-label,astrax-addons/includes/Widgets/Content/Label.php,"","",PASS,PASS,PASS,PASS,PASS,PASS,READY
"Notice",astrax-notice,astrax-addons/includes/Widgets/Content/Notice.php,".astrax-notice-icon .astrax-notice-content .astrax-notice-title .astrax-notice-text .astrax-notice-dismiss","",PASS,PASS,PASS,PASS,PASS,PASS,READY
"PlannedContentWidget",astrax-,astrax-addons/includes/Widgets/Content/PlannedContentWidget.php,".astrax-v3-rich-text .astrax-v3-icon .astrax-v3-image-text .astrax-v3-button .astrax-v3-label .astrax-v3-divider .astrax-v3-spacer .astrax-v3-drop-cap .astrax-v3-highlight .astrax-v3-read-more .astrax-v3-more .astrax-v3-less .astrax-v3-read-more-content","{{WRAPPER}} .astrax-v3-divider {{WRAPPER}} .astrax-v3-spacer {{WRAPPER}} .astrax-v3-highlight {{WRAPPER}} .astrax-v3-heading, {{WRAPPER}} .astrax-v3-rich-text, {{WRAPPER}} .astrax-v3-button, {{WRAPPER}} .astrax-v3-label {{WRAPPER}} .astrax-v3-icon i {{WRAPPER}} .astrax-v3-icon svg",PASS,PASS,PASS,PASS,PASS,PASS,READY
"ReadMore",astrax-readmore,astrax-addons/includes/Widgets/Content/ReadMore.php,"","",PASS,PASS,PASS,PASS,PASS,PASS,READY
"RichText",astrax-richtext,astrax-addons/includes/Widgets/Content/RichText.php,"","",PASS,PASS,PASS,PASS,PASS,PASS,READY
"Spacer",astrax-spacer,astrax-addons/includes/Widgets/Content/Spacer.php,"","",PASS,PASS,PASS,PASS,PASS,PASS,READY
"Text Editor",astrax-text-editor,astrax-addons/includes/Widgets/Content/TextEditor.php,"","{{WRAPPER}} .astrax-text-editor",PASS,PASS,PASS,PASS,PASS,PASS,READY
"Advanced Image Accordion",astrax-adv-image-accordion,astrax-addons/includes/Widgets/Creative/AdvImageAccordion.php,".astrax-adv-image-accordion__title","{{WRAPPER}} .astrax-adv-image-accordion__title",PASS,PASS,PASS,PASS,PASS,PASS,READY
"Advanced Grid",astrax-adv-grid,astrax-addons/includes/Widgets/Creative/AdvancedGrid.php,".astrax-adv-grid__title","{{WRAPPER}} .astrax-adv-grid__title",PASS,PASS,PASS,PASS,PASS,PASS,READY
"Animated Gradient",astrax-animated-gradient,astrax-addons/includes/Widgets/Creative/AnimatedGradient.php,".astrax-animated-gradient__title","{{WRAPPER}} .astrax-animated-gradient__title",PASS,PASS,PASS,PASS,PASS,PASS,READY
"Bento Grid",astrax-bento-grid,astrax-addons/includes/Widgets/Creative/BentoGrid.php,".astrax-bento-title .astrax-bento-content","{{WRAPPER}} {{CURRENT_ITEM}} {{WRAPPER}} .astrax-bento-grid {{WRAPPER}} .astrax-bento-item {{WRAPPER}} .astrax-bento-title",PASS,PASS,PASS,PASS,PASS,PASS,READY
"Bottom Navigation",astrax-bottom-nav,astrax-addons/includes/Widgets/Creative/BottomNav.php,".astrax-bottom-nav__title","{{WRAPPER}} .astrax-bottom-nav__title",PASS,PASS,PASS,PASS,PASS,PASS,READY
"Command Palette",astrax-command-palette,astrax-addons/includes/Widgets/Creative/CommandPalette.php,".astrax-command-palette__title","{{WRAPPER}} .astrax-command-palette__title",PASS,PASS,PASS,PASS,PASS,PASS,READY
"Cursor Spotlight",astrax-cursor-spotlight,astrax-addons/includes/Widgets/Creative/CursorSpotlight.php,".astrax-cursor-spotlight__title","{{WRAPPER}} .astrax-cursor-spotlight__title",PASS,PASS,PASS,PASS,PASS,PASS,READY
"Dashboard Cards",astrax-dashboard-cards,astrax-addons/includes/Widgets/Creative/DashboardCards.php,".astrax-dashboard-cards__title","{{WRAPPER}} .astrax-dashboard-cards__title",PASS,PASS,PASS,PASS,PASS,PASS,READY
"Floating Dock",astrax-floating-dock,astrax-addons/includes/Widgets/Creative/FloatingDock.php,".astrax-floating-dock__title","{{WRAPPER}} .astrax-floating-dock__title",PASS,PASS,PASS,PASS,PASS,PASS,READY
"Glassmorphism Cards",astrax-glass-cards,astrax-addons/includes/Widgets/Creative/GlassCards.php,".astrax-glass-cards__title","{{WRAPPER}} .astrax-glass-cards__title",PASS,PASS,PASS,PASS,PASS,PASS,READY
"Horizontal Scroll",astrax-horizontal-scroll,astrax-addons/includes/Widgets/Creative/HorizontalScroll.php,".astrax-horizontal-scroll__title","{{WRAPPER}} .astrax-horizontal-scroll__title",PASS,PASS,PASS,PASS,PASS,PASS,READY
"Horizontal Timeline",astrax-horizontal-timeline,astrax-addons/includes/Widgets/Creative/HorizontalTimeline.php,".astrax-horizontal-timeline__title","{{WRAPPER}} .astrax-horizontal-timeline__title",PASS,PASS,PASS,PASS,PASS,PASS,READY
"3D Image Cards",astrax-3d-image-cards,astrax-addons/includes/Widgets/Creative/ImageCards3D.php,".astrax-3d-image-cards__title","{{WRAPPER}} .astrax-3d-image-cards__title",PASS,PASS,PASS,PASS,PASS,PASS,READY
"Interactive Dashboard",astrax-interactive-dashboard,astrax-addons/includes/Widgets/Creative/InteractiveDashboard.php,".astrax-interactive-dashboard__title","{{WRAPPER}} .astrax-interactive-dashboard__title",PASS,PASS,PASS,PASS,PASS,PASS,READY
"Interactive Gradient",astrax-interactive-gradient,astrax-addons/includes/Widgets/Creative/InteractiveGradient.php,".astrax-interactive-gradient__title","{{WRAPPER}} .astrax-interactive-gradient__title",PASS,PASS,PASS,PASS,PASS,PASS,READY
"Layered Cards",astrax-layered-cards,astrax-addons/includes/Widgets/Creative/LayeredCards.php,".astrax-layered-cards__title","{{WRAPPER}} .astrax-layered-cards__title",PASS,PASS,PASS,PASS,PASS,PASS,READY
"Liquid Buttons",astrax-liquid-buttons,astrax-addons/includes/Widgets/Creative/LiquidButtons.php,".astrax-liquid-buttons__title","{{WRAPPER}} .astrax-liquid-buttons__title",PASS,PASS,PASS,PASS,PASS,PASS,READY
"Magnetic Buttons",astrax-magnetic-buttons,astrax-addons/includes/Widgets/Creative/MagneticButtons.php,".astrax-magnetic-buttons__title","{{WRAPPER}} .astrax-magnetic-buttons__title",PASS,PASS,PASS,PASS,PASS,PASS,READY
"Mesh Gradient",astrax-mesh-gradient,astrax-addons/includes/Widgets/Creative/MeshGradient.php,".astrax-mesh-gradient__title","{{WRAPPER}} .astrax-mesh-gradient__title",PASS,PASS,PASS,PASS,PASS,PASS,READY
"Noise Background",astrax-noise-bg,astrax-addons/includes/Widgets/Creative/NoiseBackground.php,".astrax-noise-bg__title","{{WRAPPER}} .astrax-noise-bg__title",PASS,PASS,PASS,PASS,PASS,PASS,READY
"Notification Center",astrax-notification-center,astrax-addons/includes/Widgets/Creative/NotificationCenter.php,".astrax-notification-center__title","{{WRAPPER}} .astrax-notification-center__title",PASS,PASS,PASS,PASS,PASS,PASS,READY
"Overlapping Sections",astrax-overlapping-sections,astrax-addons/includes/Widgets/Creative/OverlappingSections.php,".astrax-overlapping-sections__title","{{WRAPPER}} .astrax-overlapping-sections__title",PASS,PASS,PASS,PASS,PASS,PASS,READY
"3D Product Cards",astrax-3d-product-cards,astrax-addons/includes/Widgets/Creative/ProductCards3D.php,".astrax-3d-product-cards__title","{{WRAPPER}} .astrax-3d-product-cards__title",PASS,PASS,PASS,PASS,PASS,PASS,READY
"Progress Navigation",astrax-progress-nav,astrax-addons/includes/Widgets/Creative/ProgressNav.php,".astrax-progress-nav__title","{{WRAPPER}} .astrax-progress-nav__title",PASS,PASS,PASS,PASS,PASS,PASS,READY
"Scroll-Based Image Sequence",astrax-scroll-image-seq,astrax-addons/includes/Widgets/Creative/ScrollImageSequence.php,".astrax-scroll-image-seq__title","{{WRAPPER}} .astrax-scroll-image-seq__title",PASS,PASS,PASS,PASS,PASS,PASS,READY
"Scroll Snap",astrax-scroll-snap,astrax-addons/includes/Widgets/Creative/ScrollSnap.php,".astrax-scroll-snap__title","{{WRAPPER}} .astrax-scroll-snap__title",PASS,PASS,PASS,PASS,PASS,PASS,READY
"Spotlight Cards",astrax-spotlight-cards,astrax-addons/includes/Widgets/Creative/SpotlightCards.php,".astrax-spotlight-cards__title","{{WRAPPER}} .astrax-spotlight-cards__title",PASS,PASS,PASS,PASS,PASS,PASS,READY
"Stacked Cards",astrax-stacked-cards,astrax-addons/includes/Widgets/Creative/StackedCards.php,".astrax-stacked-cards__title","{{WRAPPER}} .astrax-stacked-cards__title",PASS,PASS,PASS,PASS,PASS,PASS,READY
"Sticky Sections",astrax-sticky-sections,astrax-addons/includes/Widgets/Creative/StickySections.php,".astrax-sticky-sections__title","{{WRAPPER}} .astrax-sticky-sections__title",PASS,PASS,PASS,PASS,PASS,PASS,READY
"SVG Draw Animation",astrax-svg-draw,astrax-addons/includes/Widgets/Creative/SvgDraw.php,".astrax-svg-draw__title","{{WRAPPER}} .astrax-svg-draw__title",PASS,PASS,PASS,PASS,PASS,PASS,READY
"SVG Morph",astrax-svg-morph,astrax-addons/includes/Widgets/Creative/SvgMorph.php,".astrax-svg-morph__title","{{WRAPPER}} .astrax-svg-morph__title",PASS,PASS,PASS,PASS,PASS,PASS,READY
"Vertical Timeline",astrax-vertical-timeline,astrax-addons/includes/Widgets/Creative/VerticalTimeline.php,".astrax-vertical-timeline__title","{{WRAPPER}} .astrax-vertical-timeline__title",PASS,PASS,PASS,PASS,PASS,PASS,READY
"Contact Map",astrax-contact-map,astrax-addons/includes/Widgets/Data/ContactMap.php,".astrax-contact-map__title","{{WRAPPER}} .astrax-contact-map__title",PASS,PASS,PASS,PASS,PASS,PASS,READY
"Google Map",astrax-google-map,astrax-addons/includes/Widgets/Data/GoogleMap.php,"","{{WRAPPER}} .astrax-google-map iframe",PASS,PASS,PASS,PASS,PASS,PASS,READY
"Interactive Map",astrax-interactive-map,astrax-addons/includes/Widgets/Data/InteractiveMap.php,".astrax-interactive-map__title","{{WRAPPER}} .astrax-interactive-map__title",PASS,PASS,PASS,PASS,PASS,PASS,READY
"Leaflet Map",astrax-leaflet-map,astrax-addons/includes/Widgets/Data/LeafletMap.php,".astrax-leaflet-map__title","{{WRAPPER}} .astrax-leaflet-map__title",PASS,PASS,PASS,PASS,PASS,PASS,READY
"Location Finder",astrax-location-finder,astrax-addons/includes/Widgets/Data/LocationFinder.php,".astrax-location-finder__title","{{WRAPPER}} .astrax-location-finder__title",PASS,PASS,PASS,PASS,PASS,PASS,READY
"Map Marker",astrax-map-marker,astrax-addons/includes/Widgets/Data/MapMarker.php,".astrax-map-marker__title","{{WRAPPER}} .astrax-map-marker__title",PASS,PASS,PASS,PASS,PASS,PASS,READY
"Mapbox",astrax-mapbox,astrax-addons/includes/Widgets/Data/Mapbox.php,".astrax-mapbox__title","{{WRAPPER}} .astrax-mapbox__title",PASS,PASS,PASS,PASS,PASS,PASS,READY
"Multiple Locations",astrax-multi-location-map,astrax-addons/includes/Widgets/Data/MultiLocationMap.php,".astrax-multi-location-map__title","{{WRAPPER}} .astrax-multi-location-map__title",PASS,PASS,PASS,PASS,PASS,PASS,READY
"OpenStreetMap",astrax-openstreet-map-widget,astrax-addons/includes/Widgets/Data/OpenStreetMap.php,".astrax-openstreet-map-widget__title","{{WRAPPER}} .astrax-openstreet-map-widget__title",PASS,PASS,PASS,PASS,PASS,PASS,READY
"Route Map",astrax-route-map,astrax-addons/includes/Widgets/Data/RouteMap.php,".astrax-route-map__title","{{WRAPPER}} .astrax-route-map__title",PASS,PASS,PASS,PASS,PASS,PASS,READY
"Store Locator",astrax-map-store-locator,astrax-addons/includes/Widgets/Data/StoreLocator.php,".astrax-map-store-locator__title","{{WRAPPER}} .astrax-map-store-locator__title",PASS,PASS,PASS,PASS,PASS,PASS,READY
"Area Chart",astrax-area-chart,astrax-addons/includes/Widgets/DataViz/AreaChart.php,".astrax-area-chart__title","{{WRAPPER}} .astrax-area-chart__title",PASS,PASS,PASS,PASS,PASS,PASS,READY
"Bar Chart",astrax-bar-chart,astrax-addons/includes/Widgets/DataViz/BarChart.php,".astrax-bar-chart__title","{{WRAPPER}} .astrax-bar-chart__title",PASS,PASS,PASS,PASS,PASS,PASS,READY
"Circular Progress",astrax-circular-progress,astrax-addons/includes/Widgets/DataViz/CircularProgress.php,".astrax-circular-progress__title","{{WRAPPER}} .astrax-circular-progress__title",PASS,PASS,PASS,PASS,PASS,PASS,READY
"Comparison Table",astrax-dataviz-comparison,astrax-addons/includes/Widgets/DataViz/ComparisonTable.php,".astrax-dataviz-comparison__title","{{WRAPPER}} .astrax-dataviz-comparison__title",PASS,PASS,PASS,PASS,PASS,PASS,READY
"Counter",astrax-dataviz-counter,astrax-addons/includes/Widgets/DataViz/Counter.php,".astrax-dataviz-counter__title","{{WRAPPER}} .astrax-dataviz-counter__title",PASS,PASS,PASS,PASS,PASS,PASS,READY
"Data Table",astrax-data-table,astrax-addons/includes/Widgets/DataViz/DataTable.php,".astrax-data-table__title","{{WRAPPER}} .astrax-data-table__title",PASS,PASS,PASS,PASS,PASS,PASS,READY
"Donut Chart",astrax-donut-chart,astrax-addons/includes/Widgets/DataViz/DonutChart.php,".astrax-donut-chart__title","{{WRAPPER}} .astrax-donut-chart__title",PASS,PASS,PASS,PASS,PASS,PASS,READY
"Dynamic Table",astrax-dynamic-table,astrax-addons/includes/Widgets/DataViz/DynamicTable.php,".astrax-dynamic-table__title","{{WRAPPER}} .astrax-dynamic-table__title",PASS,PASS,PASS,PASS,PASS,PASS,READY
"KPI Cards",astrax-kpi-cards,astrax-addons/includes/Widgets/DataViz/KpiCards.php,".astrax-kpi-cards__title","{{WRAPPER}} .astrax-kpi-cards__title",PASS,PASS,PASS,PASS,PASS,PASS,READY
"Line Chart",astrax-line-chart,astrax-addons/includes/Widgets/DataViz/LineChart.php,".astrax-line-chart__title","{{WRAPPER}} .astrax-line-chart__title",PASS,PASS,PASS,PASS,PASS,PASS,READY
"Pie Chart",astrax-pie-chart,astrax-addons/includes/Widgets/DataViz/PieChart.php,".astrax-pie-chart__title","{{WRAPPER}} .astrax-pie-chart__title",PASS,PASS,PASS,PASS,PASS,PASS,READY
"Pricing Comparison",astrax-pricing-comparison,astrax-addons/includes/Widgets/DataViz/PricingComparison.php,".astrax-pricing-comparison__title","{{WRAPPER}} .astrax-pricing-comparison__title",PASS,PASS,PASS,PASS,PASS,PASS,READY
"Progress Bar",astrax-dataviz-progress-bar,astrax-addons/includes/Widgets/DataViz/ProgressBar.php,".astrax-dataviz-progress-bar__title","{{WRAPPER}} .astrax-dataviz-progress-bar__title",PASS,PASS,PASS,PASS,PASS,PASS,READY
"Radar Chart",astrax-radar-chart,astrax-addons/includes/Widgets/DataViz/RadarChart.php,".astrax-radar-chart__title","{{WRAPPER}} .astrax-radar-chart__title",PASS,PASS,PASS,PASS,PASS,PASS,READY
"Statistics",astrax-dataviz-statistics,astrax-addons/includes/Widgets/DataViz/Statistics.php,".astrax-dataviz-statistics__title","{{WRAPPER}} .astrax-dataviz-statistics__title",PASS,PASS,PASS,PASS,PASS,PASS,READY
"API Response Viewer",astrax-api-viewer,astrax-addons/includes/Widgets/Developer/ApiViewer.php,".astrax-api-viewer__title","{{WRAPPER}} .astrax-api-viewer__title",PASS,PASS,PASS,PASS,PASS,PASS,READY
"Code Block",astrax-code-block,astrax-addons/includes/Widgets/Developer/CodeBlock.php,".astrax-code-block-header .astrax-code-language .astrax-code-copy-btn","",PASS,PASS,PASS,PASS,PASS,PASS,READY
"Code Copy Button",astrax-code-copy,astrax-addons/includes/Widgets/Developer/CodeCopy.php,".astrax-code-copy__title","{{WRAPPER}} .astrax-code-copy__title",PASS,PASS,PASS,PASS,PASS,PASS,READY
"CSS Preview",astrax-css-preview,astrax-addons/includes/Widgets/Developer/CssPreview.php,".astrax-css-preview__title","{{WRAPPER}} .astrax-css-preview__title",PASS,PASS,PASS,PASS,PASS,PASS,READY
"Dynamic JSON",astrax-dynamic-json,astrax-addons/includes/Widgets/Developer/DynamicJson.php,".astrax-dynamic-json__title","{{WRAPPER}} .astrax-dynamic-json__title",PASS,PASS,PASS,PASS,PASS,PASS,READY
"HTML Preview",astrax-html-preview,astrax-addons/includes/Widgets/Developer/HtmlPreview.php,".astrax-html-preview__title","{{WRAPPER}} .astrax-html-preview__title",PASS,PASS,PASS,PASS,PASS,PASS,READY
"JavaScript Preview",astrax-js-preview,astrax-addons/includes/Widgets/Developer/JsPreview.php,".astrax-js-preview__title","{{WRAPPER}} .astrax-js-preview__title",PASS,PASS,PASS,PASS,PASS,PASS,READY
"JSON Viewer",astrax-json-viewer,astrax-addons/includes/Widgets/Developer/JsonViewer.php,".astrax-json-viewer__title","{{WRAPPER}} .astrax-json-viewer__title",PASS,PASS,PASS,PASS,PASS,PASS,READY
"REST API Viewer",astrax-rest-viewer,astrax-addons/includes/Widgets/Developer/RestViewer.php,".astrax-rest-viewer__title","{{WRAPPER}} .astrax-rest-viewer__title",PASS,PASS,PASS,PASS,PASS,PASS,READY
"Syntax Highlighter",astrax-syntax-highlighter,astrax-addons/includes/Widgets/Developer/SyntaxHighlighter.php,".astrax-syntax-highlighter__title","{{WRAPPER}} .astrax-syntax-highlighter__title",PASS,PASS,PASS,PASS,PASS,PASS,READY
"Terminal",astrax-terminal,astrax-addons/includes/Widgets/Developer/Terminal.php,".astrax-terminal__title","{{WRAPPER}} .astrax-terminal__title",PASS,PASS,PASS,PASS,PASS,PASS,READY
"AJAX Query",astrax-ajax-query,astrax-addons/includes/Widgets/Dynamic/AjaxQuery.php,".astrax-ajax-query__title","{{WRAPPER}} .astrax-ajax-query__title",PASS,PASS,PASS,PASS,PASS,PASS,READY
"Custom Fields",astrax-custom-fields,astrax-addons/includes/Widgets/Dynamic/CustomFields.php,".astrax-custom-fields__title","{{WRAPPER}} .astrax-custom-fields__title",PASS,PASS,PASS,PASS,PASS,PASS,READY
"Custom Query",astrax-custom-query,astrax-addons/includes/Widgets/Dynamic/CustomQuery.php,".astrax-custom-query__title","{{WRAPPER}} .astrax-custom-query__title",PASS,PASS,PASS,PASS,PASS,PASS,READY
"Dynamic Author",astrax-dynamic-author,astrax-addons/includes/Widgets/Dynamic/DynamicAuthor.php,".astrax-dynamic-author__title","{{WRAPPER}} .astrax-dynamic-author__title",PASS,PASS,PASS,PASS,PASS,PASS,READY
"Dynamic Categories",astrax-dynamic-categories,astrax-addons/includes/Widgets/Dynamic/DynamicCategories.php,".astrax-dynamic-categories__title","{{WRAPPER}} .astrax-dynamic-categories__title",PASS,PASS,PASS,PASS,PASS,PASS,READY
"Dynamic CPT",astrax-dynamic-cpt,astrax-addons/includes/Widgets/Dynamic/DynamicCpt.php,".astrax-dynamic-cpt__title","{{WRAPPER}} .astrax-dynamic-cpt__title",PASS,PASS,PASS,PASS,PASS,PASS,READY
"Dynamic Date",astrax-dynamic-date,astrax-addons/includes/Widgets/Dynamic/DynamicDate.php,".astrax-dynamic-date__title","{{WRAPPER}} .astrax-dynamic-date__title",PASS,PASS,PASS,PASS,PASS,PASS,READY
"Dynamic Excerpts",astrax-dynamic-excerpts,astrax-addons/includes/Widgets/Dynamic/DynamicExcerpts.php,".astrax-dynamic-excerpts__title","{{WRAPPER}} .astrax-dynamic-excerpts__title",PASS,PASS,PASS,PASS,PASS,PASS,READY
"Dynamic Field",astrax-dynamic-field,astrax-addons/includes/Widgets/Dynamic/DynamicField.php,".astrax-dynamic-field-before .astrax-dynamic-field-value .astrax-dynamic-field-after","",PASS,PASS,PASS,PASS,PASS,PASS,READY
"Dynamic Images",astrax-dynamic-images,astrax-addons/includes/Widgets/Dynamic/DynamicImages.php,".astrax-dynamic-images__title","{{WRAPPER}} .astrax-dynamic-images__title",PASS,PASS,PASS,PASS,PASS,PASS,READY
"Dynamic Pages",astrax-dynamic-pages,astrax-addons/includes/Widgets/Dynamic/DynamicPages.php,".astrax-dynamic-pages__title","{{WRAPPER}} .astrax-dynamic-pages__title",PASS,PASS,PASS,PASS,PASS,PASS,READY
"Dynamic Posts",astrax-dynamic-posts,astrax-addons/includes/Widgets/Dynamic/DynamicPosts.php,".astrax-dynamic-posts__title","{{WRAPPER}} .astrax-dynamic-posts__title",PASS,PASS,PASS,PASS,PASS,PASS,READY
"Dynamic Relationships",astrax-dynamic-relationships,astrax-addons/includes/Widgets/Dynamic/DynamicRelationships.php,".astrax-dynamic-relationships__title","{{WRAPPER}} .astrax-dynamic-relationships__title",PASS,PASS,PASS,PASS,PASS,PASS,READY
"Dynamic Tags",astrax-dynamic-tags,astrax-addons/includes/Widgets/Dynamic/DynamicTags.php,".astrax-dynamic-tags__title","{{WRAPPER}} .astrax-dynamic-tags__title",PASS,PASS,PASS,PASS,PASS,PASS,READY
"Dynamic Taxonomies",astrax-dynamic-taxonomies,astrax-addons/includes/Widgets/Dynamic/DynamicTaxonomies.php,".astrax-dynamic-taxonomies__title","{{WRAPPER}} .astrax-dynamic-taxonomies__title",PASS,PASS,PASS,PASS,PASS,PASS,READY
"Dynamic Terms",astrax-dynamic-terms,astrax-addons/includes/Widgets/Dynamic/DynamicTerms.php,".astrax-dynamic-terms__title","{{WRAPPER}} .astrax-dynamic-terms__title",PASS,PASS,PASS,PASS,PASS,PASS,READY
"Dynamic Titles",astrax-dynamic-titles,astrax-addons/includes/Widgets/Dynamic/DynamicTitles.php,".astrax-dynamic-titles__title","{{WRAPPER}} .astrax-dynamic-titles__title",PASS,PASS,PASS,PASS,PASS,PASS,READY
"Dynamic URLs",astrax-dynamic-urls,astrax-addons/includes/Widgets/Dynamic/DynamicUrls.php,".astrax-dynamic-urls__title","{{WRAPPER}} .astrax-dynamic-urls__title",PASS,PASS,PASS,PASS,PASS,PASS,READY
"Query Builder",astrax-query-builder,astrax-addons/includes/Widgets/Dynamic/QueryBuilder.php,".astrax-query-builder__title","{{WRAPPER}} .astrax-query-builder__title",PASS,PASS,PASS,PASS,PASS,PASS,READY
"REST API Data",astrax-rest-api-data,astrax-addons/includes/Widgets/Dynamic/RestApiData.php,".astrax-rest-api-data__title","{{WRAPPER}} .astrax-rest-api-data__title",PASS,PASS,PASS,PASS,PASS,PASS,READY
"Changelog",astrax-changelog,astrax-addons/includes/Widgets/FAQ/Changelog.php,".astrax-changelog__title","{{WRAPPER}} .astrax-changelog__title",PASS,PASS,PASS,PASS,PASS,PASS,READY
"Documentation Cards",astrax-docs-cards,astrax-addons/includes/Widgets/FAQ/DocsCards.php,".astrax-docs-cards__title","{{WRAPPER}} .astrax-docs-cards__title",PASS,PASS,PASS,PASS,PASS,PASS,READY
"Documentation Navigation",astrax-docs-nav,astrax-addons/includes/Widgets/FAQ/DocsNav.php,".astrax-docs-nav__title","{{WRAPPER}} .astrax-docs-nav__title",PASS,PASS,PASS,PASS,PASS,PASS,READY
"Documentation TOC",astrax-docs-toc,astrax-addons/includes/Widgets/FAQ/DocsToc.php,".astrax-docs-toc__title","{{WRAPPER}} .astrax-docs-toc__title",PASS,PASS,PASS,PASS,PASS,PASS,READY
"FAQ",astrax-faq-widget,astrax-addons/includes/Widgets/FAQ/Faq.php,".astrax-faq-widget__title","{{WRAPPER}} .astrax-faq-widget__title",PASS,PASS,PASS,PASS,PASS,PASS,READY
"FAQ Accordion",astrax-faq-accordion,astrax-addons/includes/Widgets/FAQ/FaqAccordion.php,".astrax-faq-accordion__title","{{WRAPPER}} .astrax-faq-accordion__title",PASS,PASS,PASS,PASS,PASS,PASS,READY
"FAQ Search",astrax-faq-search-widget,astrax-addons/includes/Widgets/FAQ/FaqSearch.php,".astrax-faq-search-widget__title","{{WRAPPER}} .astrax-faq-search-widget__title",PASS,PASS,PASS,PASS,PASS,PASS,READY
"Glossary",astrax-glossary,astrax-addons/includes/Widgets/FAQ/Glossary.php,".astrax-glossary__title","{{WRAPPER}} .astrax-glossary__title",PASS,PASS,PASS,PASS,PASS,PASS,READY
"Knowledge Base",astrax-knowledge-base,astrax-addons/includes/Widgets/FAQ/KnowledgeBase.php,".astrax-knowledge-base__title","{{WRAPPER}} .astrax-knowledge-base__title",PASS,PASS,PASS,PASS,PASS,PASS,READY
"Term Tooltip",astrax-term-tooltip,astrax-addons/includes/Widgets/FAQ/TermTooltip.php,".astrax-term-tooltip__title","{{WRAPPER}} .astrax-term-tooltip__title",PASS,PASS,PASS,PASS,PASS,PASS,READY
"AJAX Form",astrax-ajax-form,astrax-addons/includes/Widgets/Forms/AjaxForm.php,".astrax-form-widget .astrax-form-placeholder .astrax-form-submit","{{WRAPPER}} .astrax-ajax-form__title",PASS,PASS,PASS,PASS,PASS,PASS,READY
"Application Form",astrax-application-form,astrax-addons/includes/Widgets/Forms/ApplicationForm.php,".astrax-form-widget .astrax-form-placeholder .astrax-form-submit","{{WRAPPER}} .astrax-application-form__title",PASS,PASS,PASS,PASS,PASS,PASS,READY
"Booking Form",astrax-booking-form,astrax-addons/includes/Widgets/Forms/BookingForm.php,".astrax-form-widget .astrax-form-placeholder .astrax-form-submit","{{WRAPPER}} .astrax-booking-form__title",PASS,PASS,PASS,PASS,PASS,PASS,READY
"Conditional Form",astrax-conditional-form,astrax-addons/includes/Widgets/Forms/ConditionalForm.php,".astrax-form-widget .astrax-form-placeholder .astrax-form-submit","{{WRAPPER}} .astrax-conditional-form__title",PASS,PASS,PASS,PASS,PASS,PASS,READY
"Contact Form",astrax-contact-form,astrax-addons/includes/Widgets/Forms/ContactForm.php,".astrax-form-widget .astrax-contact-form .astrax-variant-<?php .astrax-contact-form__title .astrax-contact-form__desc .astrax-form-fields .astrax-form-group .astrax-form-label .astrax-required .astrax-form-input .astrax-form-textarea .astrax-form-actions .astrax-form-submit","{{WRAPPER}} .astrax-contact-form__title {{WRAPPER}} .astrax-form-input, {{WRAPPER}} .astrax-form-textarea {{WRAPPER}} .astrax-form-submit",PASS,PASS,PASS,PASS,PASS,PASS,READY
"Feedback Form",astrax-feedback-form,astrax-addons/includes/Widgets/Forms/FeedbackForm.php,".astrax-form-widget .astrax-form-placeholder .astrax-form-submit","{{WRAPPER}} .astrax-feedback-form__title",PASS,PASS,PASS,PASS,PASS,PASS,READY
"File Upload Form",astrax-file-upload-form,astrax-addons/includes/Widgets/Forms/FileUploadForm.php,".astrax-form-widget .astrax-form-placeholder .astrax-form-submit","{{WRAPPER}} .astrax-file-upload-form__title",PASS,PASS,PASS,PASS,PASS,PASS,READY
"Login Form",astrax-login-form,astrax-addons/includes/Widgets/Forms/LoginForm.php,".astrax-form-widget .astrax-form-placeholder .astrax-form-submit","{{WRAPPER}} .astrax-login-form__title",PASS,PASS,PASS,PASS,PASS,PASS,READY
"Multi-Step Form",astrax-multi-step-form,astrax-addons/includes/Widgets/Forms/MultiStepForm.php,".astrax-form-widget .astrax-form-placeholder .astrax-form-submit","{{WRAPPER}} .astrax-multi-step-form__title",PASS,PASS,PASS,PASS,PASS,PASS,READY
"Newsletter Form",astrax-newsletter-form,astrax-addons/includes/Widgets/Forms/NewsletterForm.php,".astrax-form-widget .astrax-form-placeholder .astrax-form-submit","{{WRAPPER}} .astrax-newsletter-form__title",PASS,PASS,PASS,PASS,PASS,PASS,READY
"OTP Form",astrax-otp-form,astrax-addons/includes/Widgets/Forms/OtpForm.php,".astrax-form-widget .astrax-form-placeholder .astrax-form-submit","{{WRAPPER}} .astrax-otp-form__title",PASS,PASS,PASS,PASS,PASS,PASS,READY
"Password Reset Form",astrax-password-reset-form,astrax-addons/includes/Widgets/Forms/PasswordResetForm.php,".astrax-form-widget .astrax-form-placeholder .astrax-form-submit","{{WRAPPER}} .astrax-password-reset-form__title",PASS,PASS,PASS,PASS,PASS,PASS,READY
"Popup Form",astrax-popup-form,astrax-addons/includes/Widgets/Forms/PopupForm.php,".astrax-form-widget .astrax-form-placeholder .astrax-form-submit","{{WRAPPER}} .astrax-popup-form__title",PASS,PASS,PASS,PASS,PASS,PASS,READY
"Quote Form",astrax-quote-form,astrax-addons/includes/Widgets/Forms/QuoteForm.php,".astrax-form-widget .astrax-form-placeholder .astrax-form-submit","{{WRAPPER}} .astrax-quote-form__title",PASS,PASS,PASS,PASS,PASS,PASS,READY
"Registration Form",astrax-registration-form,astrax-addons/includes/Widgets/Forms/RegistrationForm.php,".astrax-form-widget .astrax-form-placeholder .astrax-form-submit","{{WRAPPER}} .astrax-registration-form__title",PASS,PASS,PASS,PASS,PASS,PASS,READY
"Search Form",astrax-search-form,astrax-addons/includes/Widgets/Forms/SearchForm.php,".astrax-form-widget .astrax-form-placeholder .astrax-form-submit","{{WRAPPER}} .astrax-search-form__title",PASS,PASS,PASS,PASS,PASS,PASS,READY
"Survey Form",astrax-survey-form,astrax-addons/includes/Widgets/Forms/SurveyForm.php,".astrax-form-widget .astrax-form-placeholder .astrax-form-submit","{{WRAPPER}} .astrax-survey-form__title",PASS,PASS,PASS,PASS,PASS,PASS,READY
"Icon Box",astrax-icon-box,astrax-addons/includes/Widgets/IconBox.php,"","{{WRAPPER}} .astrax-icon-box-icon i {{WRAPPER}} .astrax-icon-box-icon svg {{WRAPPER}} .astrax-icon-box-title {{WRAPPER}} .astrax-icon-box-description",PASS,PASS,PASS,PASS,PASS,PASS,READY
"Image Accordion",astrax-image-accordion,astrax-addons/includes/Widgets/ImageAccordion.php,".astrax-ia-bg .astrax-ia-overlay .astrax-ia-content .astrax-ia-title .astrax-ia-desc","{{WRAPPER}} .astrax-image-accordion {{WRAPPER}} .astrax-ia-title {{WRAPPER}} .astrax-ia-desc",PASS,PASS,PASS,PASS,PASS,PASS,READY
"Before / After",astrax-before-after,astrax-addons/includes/Widgets/Images/BeforeAfter.php,".astrax-ba-before .astrax-ba-label .astrax-ba-label--before .astrax-ba-after .astrax-ba-label--after .astrax-ba-handle .astrax-ba-handle-icon","",PASS,PASS,PASS,PASS,PASS,PASS,READY
"FloatingImage",astrax-floatingimage,astrax-addons/includes/Widgets/Images/FloatingImage.php,"","",PASS,PASS,PASS,PASS,PASS,PASS,READY
"Gallery",astrax-gallery,astrax-addons/includes/Widgets/Images/Gallery.php,".astrax-gallery-img .astrax-gallery-item","{{WRAPPER}} .astrax-gallery-grid",PASS,PASS,PASS,PASS,PASS,PASS,READY
"Image Hotspots",astrax-hotspots,astrax-addons/includes/Widgets/Images/Hotspots.php,".astrax-hotspots-image .astrax-hotspot-marker .astrax-hotspot-tooltip","",PASS,PASS,PASS,PASS,PASS,PASS,READY
"ImageCarousel",astrax-imagecarousel,astrax-addons/includes/Widgets/Images/ImageCarousel.php,"","",PASS,PASS,PASS,PASS,PASS,PASS,READY
"ImageHoverEffects",astrax-imagehovereffects,astrax-addons/includes/Widgets/Images/ImageHoverEffects.php,"","",PASS,PASS,PASS,PASS,PASS,PASS,READY
"ImageMagnifier",astrax-imagemagnifier,astrax-addons/includes/Widgets/Images/ImageMagnifier.php,"","",PASS,PASS,PASS,PASS,PASS,PASS,READY
"ImageMask",astrax-imagemask,astrax-addons/includes/Widgets/Images/ImageMask.php,"","",PASS,PASS,PASS,PASS,PASS,PASS,READY
"ImageReveal",astrax-imagereveal,astrax-addons/includes/Widgets/Images/ImageReveal.php,"","",PASS,PASS,PASS,PASS,PASS,PASS,READY
"ImageSlider",astrax-imageslider,astrax-addons/includes/Widgets/Images/ImageSlider.php,"","",PASS,PASS,PASS,PASS,PASS,PASS,READY
"ImageStack",astrax-imagestack,astrax-addons/includes/Widgets/Images/ImageStack.php,"","",PASS,PASS,PASS,PASS,PASS,PASS,READY
"InteractiveImage",astrax-interactiveimage,astrax-addons/includes/Widgets/Images/InteractiveImage.php,"","",PASS,PASS,PASS,PASS,PASS,PASS,READY
"JustifiedGallery",astrax-justifiedgallery,astrax-addons/includes/Widgets/Images/JustifiedGallery.php,"","",PASS,PASS,PASS,PASS,PASS,PASS,READY
"LightboxGallery",astrax-lightboxgallery,astrax-addons/includes/Widgets/Images/LightboxGallery.php,"","",PASS,PASS,PASS,PASS,PASS,PASS,READY
"MasonryGallery",astrax-masonrygallery,astrax-addons/includes/Widgets/Images/MasonryGallery.php,"","",PASS,PASS,PASS,PASS,PASS,PASS,READY
"PlannedGalleryWidget",astrax-,astrax-addons/includes/Widgets/Images/PlannedGalleryWidget.php,".astrax-v3-gallery-controls .astrax-v3-gallery-items .astrax-v3-gallery-item","{{WRAPPER}} .astrax-v3-gallery-items {{WRAPPER}} .astrax-v3-gallery-item img {{WRAPPER}} .astrax-v3-gallery-item, {{WRAPPER}} .astrax-v3-gallery-item img",PASS,PASS,PASS,PASS,PASS,PASS,READY
"PlannedImageEffectWidget",astrax-,astrax-addons/includes/Widgets/Images/PlannedImageEffectWidget.php,".astrax-v3-image-effect .astrax-v3-hotspot .astrax-v3-hotspot-content","{{WRAPPER}} .astrax-v3-image-effect img {{WRAPPER}} .astrax-v3-image-effect, {{WRAPPER}} .astrax-v3-image-effect img",PASS,PASS,PASS,PASS,PASS,PASS,READY
"ScrollingImage",astrax-scrollingimage,astrax-addons/includes/Widgets/Images/ScrollingImage.php,"","",PASS,PASS,PASS,PASS,PASS,PASS,READY
"Info Box",astrax-info-box,astrax-addons/includes/Widgets/InfoBox.php,".astrax-info-box-image .astrax-info-box-content .astrax-info-box-title .astrax-info-box-description","{{WRAPPER}} .astrax-info-box-image img {{WRAPPER}} .astrax-info-box-title {{WRAPPER}} .astrax-info-box-description",PASS,PASS,PASS,PASS,PASS,PASS,READY
"Accordion",astrax-accordion,astrax-addons/includes/Widgets/Interactive/Accordion.php,".astrax-accordion__item .astrax-accordion__header .astrax-accordion__trigger .astrax-accordion__header-title .astrax-accordion__icon .astrax-accordion__panel .astrax-accordion__content","{{WRAPPER}} .astrax-accordion__header-title {{WRAPPER}} .astrax-accordion__panel",PASS,PASS,PASS,PASS,PASS,PASS,READY
"Before/After",astrax-interactive-before-after,astrax-addons/includes/Widgets/Interactive/BeforeAfter.php,".astrax-interactive-before-after__title","{{WRAPPER}} .astrax-interactive-before-after__title",PASS,PASS,PASS,PASS,PASS,PASS,READY
"Comparison Slider",astrax-comparison-slider,astrax-addons/includes/Widgets/Interactive/ComparisonSlider.php,".astrax-comparison-slider__title","{{WRAPPER}} .astrax-comparison-slider__title",PASS,PASS,PASS,PASS,PASS,PASS,READY
"Content Switcher",astrax-content-switcher,astrax-addons/includes/Widgets/Interactive/ContentSwitcher.php,".astrax-content-switcher__title","{{WRAPPER}} .astrax-content-switcher__title",PASS,PASS,PASS,PASS,PASS,PASS,READY
"FAQ",astrax-faq,astrax-addons/includes/Widgets/Interactive/Faq.php,".astrax-faq__title","{{WRAPPER}} .astrax-faq__title",PASS,PASS,PASS,PASS,PASS,PASS,READY
"FAQ Search",astrax-faq-search,astrax-addons/includes/Widgets/Interactive/FaqSearch.php,".astrax-faq-search__title","{{WRAPPER}} .astrax-faq-search__title",PASS,PASS,PASS,PASS,PASS,PASS,READY
"Flip Box",astrax-flip-box,astrax-addons/includes/Widgets/Interactive/FlipBox.php,".astrax-flip-box__title","{{WRAPPER}} .astrax-flip-box__title",PASS,PASS,PASS,PASS,PASS,PASS,READY
"Hotspot",astrax-hotspot,astrax-addons/includes/Widgets/Interactive/Hotspot.php,".astrax-hotspot__title","{{WRAPPER}} .astrax-hotspot__title",PASS,PASS,PASS,PASS,PASS,PASS,READY
"Image Accordion",astrax-interactive-image-accordion,astrax-addons/includes/Widgets/Interactive/ImageAccordion.php,".astrax-interactive-image-accordion__title","{{WRAPPER}} .astrax-interactive-image-accordion__title",PASS,PASS,PASS,PASS,PASS,PASS,READY
"Interactive Cards",astrax-interactive-cards,astrax-addons/includes/Widgets/Interactive/InteractiveCards.php,".astrax-interactive-cards__title","{{WRAPPER}} .astrax-interactive-cards__title",PASS,PASS,PASS,PASS,PASS,PASS,READY
"Interactive Timeline",astrax-interactive-timeline,astrax-addons/includes/Widgets/Interactive/InteractiveTimeline.php,".astrax-interactive-timeline__title","{{WRAPPER}} .astrax-interactive-timeline__title",PASS,PASS,PASS,PASS,PASS,PASS,READY
"Modal",astrax-modal,astrax-addons/includes/Widgets/Interactive/Modal.php,".astrax-modal__title","{{WRAPPER}} .astrax-modal__title",PASS,PASS,PASS,PASS,PASS,PASS,READY
"Nested Accordion",astrax-nested-accordion,astrax-addons/includes/Widgets/Interactive/NestedAccordion.php,".astrax-nested-accordion__title","{{WRAPPER}} .astrax-nested-accordion__title",PASS,PASS,PASS,PASS,PASS,PASS,READY
"Nested Tabs",astrax-nested-tabs,astrax-addons/includes/Widgets/Interactive/NestedTabs.php,".astrax-nested-tabs__title","{{WRAPPER}} .astrax-nested-tabs__title",PASS,PASS,PASS,PASS,PASS,PASS,READY
"Off-Canvas",astrax-off-canvas,astrax-addons/includes/Widgets/Interactive/OffCanvas.php,".astrax-off-canvas__title","{{WRAPPER}} .astrax-off-canvas__title",PASS,PASS,PASS,PASS,PASS,PASS,READY
"Popup",astrax-popup,astrax-addons/includes/Widgets/Interactive/Popup.php,".astrax-popup__title","{{WRAPPER}} .astrax-popup__title",PASS,PASS,PASS,PASS,PASS,PASS,READY
"Stepper",astrax-stepper,astrax-addons/includes/Widgets/Interactive/Stepper.php,".astrax-stepper__title","{{WRAPPER}} .astrax-stepper__title",PASS,PASS,PASS,PASS,PASS,PASS,READY
"Tabs",astrax-tabs,astrax-addons/includes/Widgets/Interactive/Tabs.php,".astrax-tabs .astrax-tabs-nav .astrax-tabs-content-wrapper","",PASS,PASS,PASS,PASS,PASS,PASS,READY
"Toggle",astrax-toggle,astrax-addons/includes/Widgets/Interactive/Toggle.php,".astrax-toggle__title","{{WRAPPER}} .astrax-toggle__title",PASS,PASS,PASS,PASS,PASS,PASS,READY
"Tooltip",astrax-tooltip,astrax-addons/includes/Widgets/Interactive/Tooltip.php,".astrax-tooltip__title","{{WRAPPER}} .astrax-tooltip__title",PASS,PASS,PASS,PASS,PASS,PASS,READY
"Announcement Bar",astrax-announcement-bar,astrax-addons/includes/Widgets/Marketing/AnnouncementBar.php,".astrax-announcement-bar__title","{{WRAPPER}} .astrax-announcement-bar__title",PASS,PASS,PASS,PASS,PASS,PASS,READY
"Client Logos",astrax-client-logos,astrax-addons/includes/Widgets/Marketing/ClientLogos.php,".astrax-client-logos__title","{{WRAPPER}} .astrax-client-logos__title",PASS,PASS,PASS,PASS,PASS,PASS,READY
"Comparison Table",astrax-comparison-table,astrax-addons/includes/Widgets/Marketing/ComparisonTable.php,".astrax-comparison-table__title","{{WRAPPER}} .astrax-comparison-table__title",PASS,PASS,PASS,PASS,PASS,PASS,READY
"Countdown",astrax-countdown,astrax-addons/includes/Widgets/Marketing/Countdown.php,".astrax-countdown__title","{{WRAPPER}} .astrax-countdown__title",PASS,PASS,PASS,PASS,PASS,PASS,READY
"Coupon",astrax-coupon,astrax-addons/includes/Widgets/Marketing/Coupon.php,".astrax-coupon__title","{{WRAPPER}} .astrax-coupon__title",PASS,PASS,PASS,PASS,PASS,PASS,READY
"Coupon Reveal",astrax-coupon-reveal,astrax-addons/includes/Widgets/Marketing/CouponReveal.php,".astrax-coupon-reveal__title","{{WRAPPER}} .astrax-coupon-reveal__title",PASS,PASS,PASS,PASS,PASS,PASS,READY
"CTA",astrax-marketing-cta,astrax-addons/includes/Widgets/Marketing/Cta.php,".astrax-marketing-cta__title","{{WRAPPER}} .astrax-marketing-cta__title",PASS,PASS,PASS,PASS,PASS,PASS,READY
"Feature List",astrax-feature-list,astrax-addons/includes/Widgets/Marketing/FeatureList.php,".astrax-feature-list__title","{{WRAPPER}} .astrax-feature-list__title",PASS,PASS,PASS,PASS,PASS,PASS,READY
"Floating CTA",astrax-floating-cta,astrax-addons/includes/Widgets/Marketing/FloatingCta.php,".astrax-floating-cta__title","{{WRAPPER}} .astrax-floating-cta__title",PASS,PASS,PASS,PASS,PASS,PASS,READY
"Lead Capture",astrax-lead-capture,astrax-addons/includes/Widgets/Marketing/LeadCapture.php,".astrax-lead-capture__title","{{WRAPPER}} .astrax-lead-capture__title",PASS,PASS,PASS,PASS,PASS,PASS,READY
"Logo Carousel",astrax-logo-carousel,astrax-addons/includes/Widgets/Marketing/LogoCarousel.php,".astrax-logo-carousel__title","{{WRAPPER}} .astrax-logo-carousel__title",PASS,PASS,PASS,PASS,PASS,PASS,READY
"Newsletter",astrax-newsletter,astrax-addons/includes/Widgets/Marketing/Newsletter.php,".astrax-newsletter__title","{{WRAPPER}} .astrax-newsletter__title",PASS,PASS,PASS,PASS,PASS,PASS,READY
"Partner Logos",astrax-partner-logos,astrax-addons/includes/Widgets/Marketing/PartnerLogos.php,".astrax-partner-logos__title","{{WRAPPER}} .astrax-partner-logos__title",PASS,PASS,PASS,PASS,PASS,PASS,READY
"Pricing Table",astrax-marketing-pricing-table,astrax-addons/includes/Widgets/Marketing/PricingTable.php,".astrax-marketing-pricing-table__title","{{WRAPPER}} .astrax-marketing-pricing-table__title",PASS,PASS,PASS,PASS,PASS,PASS,READY
"Pricing Toggle",astrax-marketing-pricing-toggle,astrax-addons/includes/Widgets/Marketing/PricingToggle.php,".astrax-marketing-pricing-toggle__title","{{WRAPPER}} .astrax-marketing-pricing-toggle__title",PASS,PASS,PASS,PASS,PASS,PASS,READY
"Promo Banner",astrax-promo-banner,astrax-addons/includes/Widgets/Marketing/PromoBanner.php,".astrax-promo-banner__title","{{WRAPPER}} .astrax-promo-banner__title",PASS,PASS,PASS,PASS,PASS,PASS,READY
"Sales Countdown",astrax-sales-countdown,astrax-addons/includes/Widgets/Marketing/SalesCountdown.php,".astrax-sales-countdown__title","{{WRAPPER}} .astrax-sales-countdown__title",PASS,PASS,PASS,PASS,PASS,PASS,READY
"Sticky CTA",astrax-sticky-cta,astrax-addons/includes/Widgets/Marketing/StickyCta.php,".astrax-sticky-cta__title","{{WRAPPER}} .astrax-sticky-cta__title",PASS,PASS,PASS,PASS,PASS,PASS,READY
"Trust Badges",astrax-trust-badges,astrax-addons/includes/Widgets/Marketing/TrustBadges.php,".astrax-trust-badges__title","{{WRAPPER}} .astrax-trust-badges__title",PASS,PASS,PASS,PASS,PASS,PASS,READY
"Audio Player",astrax-audio-player,astrax-addons/includes/Widgets/Media/AudioPlayer.php,".astrax-audio-player__title","{{WRAPPER}} .astrax-audio-player__title",PASS,PASS,PASS,PASS,PASS,PASS,READY
"Podcast Player",astrax-podcast-player,astrax-addons/includes/Widgets/Media/PodcastPlayer.php,".astrax-podcast-player__title","{{WRAPPER}} .astrax-podcast-player__title",PASS,PASS,PASS,PASS,PASS,PASS,READY
"SoundCloud Embed",astrax-soundcloud-embed,astrax-addons/includes/Widgets/Media/SoundCloudEmbed.php,".astrax-soundcloud-embed__title","{{WRAPPER}} .astrax-soundcloud-embed__title",PASS,PASS,PASS,PASS,PASS,PASS,READY
"Spotify Embed",astrax-spotify-embed,astrax-addons/includes/Widgets/Media/SpotifyEmbed.php,".astrax-spotify-embed__title","{{WRAPPER}} .astrax-spotify-embed__title",PASS,PASS,PASS,PASS,PASS,PASS,READY
"Video",astrax-video,astrax-addons/includes/Widgets/Media/Video.php,".astrax-video__title","{{WRAPPER}} .astrax-video__title",PASS,PASS,PASS,PASS,PASS,PASS,READY
"Video Background",astrax-video-background,astrax-addons/includes/Widgets/Media/VideoBackground.php,".astrax-video-background__title","{{WRAPPER}} .astrax-video-background__title",PASS,PASS,PASS,PASS,PASS,PASS,READY
"Video Carousel",astrax-video-carousel,astrax-addons/includes/Widgets/Media/VideoCarousel.php,".astrax-video-carousel__title","{{WRAPPER}} .astrax-video-carousel__title",PASS,PASS,PASS,PASS,PASS,PASS,READY
"Video Gallery",astrax-video-gallery,astrax-addons/includes/Widgets/Media/VideoGallery.php,".astrax-video-gallery__title","{{WRAPPER}} .astrax-video-gallery__title",PASS,PASS,PASS,PASS,PASS,PASS,READY
"Video Lightbox",astrax-video-lightbox,astrax-addons/includes/Widgets/Media/VideoLightbox.php,".astrax-video-lightbox__title","{{WRAPPER}} .astrax-video-lightbox__title",PASS,PASS,PASS,PASS,PASS,PASS,READY
"Video Playlist",astrax-video-playlist,astrax-addons/includes/Widgets/Media/VideoPlaylist.php,".astrax-video-playlist__title","{{WRAPPER}} .astrax-video-playlist__title",PASS,PASS,PASS,PASS,PASS,PASS,READY
"Video Popup",astrax-video-popup,astrax-addons/includes/Widgets/Media/VideoPopup.php,".astrax-video-popup__title","{{WRAPPER}} .astrax-video-popup__title",PASS,PASS,PASS,PASS,PASS,PASS,READY
"Vimeo Video",astrax-vimeo-video,astrax-addons/includes/Widgets/Media/VimeoVideo.php,".astrax-vimeo-video__title","{{WRAPPER}} .astrax-vimeo-video__title",PASS,PASS,PASS,PASS,PASS,PASS,READY
"YouTube Playlist",astrax-youtube-playlist,astrax-addons/includes/Widgets/Media/YouTubePlaylist.php,".astrax-youtube-playlist__title","{{WRAPPER}} .astrax-youtube-playlist__title",PASS,PASS,PASS,PASS,PASS,PASS,READY
"YouTube Video",astrax-youtube-video,astrax-addons/includes/Widgets/Media/YouTubeVideo.php,".astrax-youtube-video__title","{{WRAPPER}} .astrax-youtube-video__title",PASS,PASS,PASS,PASS,PASS,PASS,READY
"Advanced Menu",astrax-advanced-menu,astrax-addons/includes/Widgets/Navigation/AdvancedMenu.php,".astrax-advanced-menu__title","{{WRAPPER}} .astrax-advanced-menu__title",PASS,PASS,PASS,PASS,PASS,PASS,READY
"Breadcrumbs",astrax-breadcrumbs,astrax-addons/includes/Widgets/Navigation/Breadcrumbs.php,".astrax-breadcrumbs","",PASS,PASS,PASS,PASS,PASS,PASS,READY
"Category Menu",astrax-category-menu,astrax-addons/includes/Widgets/Navigation/CategoryMenu.php,".astrax-category-menu__title","{{WRAPPER}} .astrax-category-menu__title",PASS,PASS,PASS,PASS,PASS,PASS,READY
"Filter Navigation",astrax-filter-nav,astrax-addons/includes/Widgets/Navigation/FilterNav.php,".astrax-filter-nav__title","{{WRAPPER}} .astrax-filter-nav__title",PASS,PASS,PASS,PASS,PASS,PASS,READY
"Hamburger Menu",astrax-hamburger-menu,astrax-addons/includes/Widgets/Navigation/HamburgerMenu.php,".astrax-hamburger-menu__title","{{WRAPPER}} .astrax-hamburger-menu__title",PASS,PASS,PASS,PASS,PASS,PASS,READY
"Mega Menu",astrax-mega-menu,astrax-addons/includes/Widgets/Navigation/MegaMenu.php,".astrax-mega-menu__title","{{WRAPPER}} .astrax-mega-menu__title",PASS,PASS,PASS,PASS,PASS,PASS,READY
"Mobile Menu",astrax-mobile-menu,astrax-addons/includes/Widgets/Navigation/MobileMenu.php,".astrax-mobile-menu__title","{{WRAPPER}} .astrax-mobile-menu__title",PASS,PASS,PASS,PASS,PASS,PASS,READY
"Off-Canvas Menu",astrax-off-canvas-menu,astrax-addons/includes/Widgets/Navigation/OffCanvasMenu.php,".astrax-off-canvas-menu__title","{{WRAPPER}} .astrax-off-canvas-menu__title",PASS,PASS,PASS,PASS,PASS,PASS,READY
"One Page Navigation",astrax-one-page-nav,astrax-addons/includes/Widgets/Navigation/OnePageNav.php,".astrax-one-page-nav__title","{{WRAPPER}} .astrax-one-page-nav__title",PASS,PASS,PASS,PASS,PASS,PASS,READY
"Page Navigation",astrax-page-navigation,astrax-addons/includes/Widgets/Navigation/PageNavigation.php,".astrax-page-navigation__title","{{WRAPPER}} .astrax-page-navigation__title",PASS,PASS,PASS,PASS,PASS,PASS,READY
"Pagination",astrax-pagination,astrax-addons/includes/Widgets/Navigation/Pagination.php,".astrax-pagination__title","{{WRAPPER}} .astrax-pagination__title",PASS,PASS,PASS,PASS,PASS,PASS,READY
"Sticky Navigation",astrax-sticky-nav,astrax-addons/includes/Widgets/Navigation/StickyNav.php,".astrax-sticky-nav__title","{{WRAPPER}} .astrax-sticky-nav__title",PASS,PASS,PASS,PASS,PASS,PASS,READY
"Table of Contents",astrax-toc,astrax-addons/includes/Widgets/Navigation/TableOfContents.php,".astrax-toc__title","{{WRAPPER}} .astrax-toc__title",PASS,PASS,PASS,PASS,PASS,PASS,READY
"Vertical Navigation",astrax-vertical-nav,astrax-addons/includes/Widgets/Navigation/VerticalNav.php,".astrax-vertical-nav__title","{{WRAPPER}} .astrax-vertical-nav__title",PASS,PASS,PASS,PASS,PASS,PASS,READY
"Post Grid",astrax-post-grid,astrax-addons/includes/Widgets/PostGrid.php,".astrax-post-grid__container .astrax-post-grid__thumbnail .astrax-post-grid__content .astrax-post-title .astrax-post-grid__title .astrax-post-excerpt .astrax-post-grid__excerpt","{{WRAPPER}} .astrax-post-grid__container {{WRAPPER}} .astrax-post-grid__title a {{WRAPPER}} .astrax-post-grid__excerpt",PASS,PASS,PASS,PASS,PASS,PASS,READY
"Facebook",astrax-social-facebook,astrax-addons/includes/Widgets/Social/Facebook.php,".astrax-social-facebook__title","{{WRAPPER}} .astrax-social-facebook__title",PASS,PASS,PASS,PASS,PASS,PASS,READY
"Instagram",astrax-social-instagram,astrax-addons/includes/Widgets/Social/Instagram.php,".astrax-social-instagram__title","{{WRAPPER}} .astrax-social-instagram__title",PASS,PASS,PASS,PASS,PASS,PASS,READY
"LinkedIn",astrax-social-linkedin,astrax-addons/includes/Widgets/Social/LinkedIn.php,".astrax-social-linkedin__title","{{WRAPPER}} .astrax-social-linkedin__title",PASS,PASS,PASS,PASS,PASS,PASS,READY
"Pinterest",astrax-social-pinterest,astrax-addons/includes/Widgets/Social/Pinterest.php,".astrax-social-pinterest__title","{{WRAPPER}} .astrax-social-pinterest__title",PASS,PASS,PASS,PASS,PASS,PASS,READY
"Social Counter",astrax-social-counter,astrax-addons/includes/Widgets/Social/SocialCounter.php,".astrax-social-counter__title","{{WRAPPER}} .astrax-social-counter__title",PASS,PASS,PASS,PASS,PASS,PASS,READY
"Social Follow",astrax-social-follow,astrax-addons/includes/Widgets/Social/SocialFollow.php,".astrax-social-follow__title","{{WRAPPER}} .astrax-social-follow__title",PASS,PASS,PASS,PASS,PASS,PASS,READY
"Social Icons",astrax-social-icons,astrax-addons/includes/Widgets/Social/SocialIcons.php,".astrax-social-icons__title","{{WRAPPER}} .astrax-social-icons__title",PASS,PASS,PASS,PASS,PASS,PASS,READY
"Social Posts",astrax-social-posts,astrax-addons/includes/Widgets/Social/SocialPosts.php,".astrax-social-posts__title","{{WRAPPER}} .astrax-social-posts__title",PASS,PASS,PASS,PASS,PASS,PASS,READY
"Social Profile",astrax-social-profile,astrax-addons/includes/Widgets/Social/SocialProfile.php,".astrax-social-profile__title","{{WRAPPER}} .astrax-social-profile__title",PASS,PASS,PASS,PASS,PASS,PASS,READY
"Social Share",astrax-social-share,astrax-addons/includes/Widgets/Social/SocialShare.php,".astrax-social-share__title","{{WRAPPER}} .astrax-social-share__title",PASS,PASS,PASS,PASS,PASS,PASS,READY
"TikTok",astrax-social-tiktok,astrax-addons/includes/Widgets/Social/TikTok.php,".astrax-social-tiktok__title","{{WRAPPER}} .astrax-social-tiktok__title",PASS,PASS,PASS,PASS,PASS,PASS,READY
"X / Twitter",astrax-social-twitter,astrax-addons/includes/Widgets/Social/Twitter.php,".astrax-social-twitter__title","{{WRAPPER}} .astrax-social-twitter__title",PASS,PASS,PASS,PASS,PASS,PASS,READY
"YouTube",astrax-social-youtube,astrax-addons/includes/Widgets/Social/YouTube.php,".astrax-social-youtube__title","{{WRAPPER}} .astrax-social-youtube__title",PASS,PASS,PASS,PASS,PASS,PASS,READY
"Employee Profile",astrax-employee-profile,astrax-addons/includes/Widgets/Team/EmployeeProfile.php,".astrax-employee-profile__title","{{WRAPPER}} .astrax-employee-profile__title",PASS,PASS,PASS,PASS,PASS,PASS,READY
"Staff Directory",astrax-staff-directory,astrax-addons/includes/Widgets/Team/StaffDirectory.php,".astrax-staff-directory__title","{{WRAPPER}} .astrax-staff-directory__title",PASS,PASS,PASS,PASS,PASS,PASS,READY
"Team Card",astrax-team-card,astrax-addons/includes/Widgets/Team/TeamCard.php,".astrax-team-card-image .astrax-team-card-content .astrax-team-card-name .astrax-team-card-role .astrax-team-card-bio","",PASS,PASS,PASS,PASS,PASS,PASS,READY
"Team Carousel",astrax-team-carousel,astrax-addons/includes/Widgets/Team/TeamCarousel.php,".astrax-team-carousel__title","{{WRAPPER}} .astrax-team-carousel__title",PASS,PASS,PASS,PASS,PASS,PASS,READY
"Team Filter",astrax-team-filter,astrax-addons/includes/Widgets/Team/TeamFilter.php,".astrax-team-filter__title","{{WRAPPER}} .astrax-team-filter__title",PASS,PASS,PASS,PASS,PASS,PASS,READY
"Team Grid",astrax-team-grid,astrax-addons/includes/Widgets/Team/TeamGrid.php,".astrax-team-grid__title","{{WRAPPER}} .astrax-team-grid__title",PASS,PASS,PASS,PASS,PASS,PASS,READY
"Team Masonry",astrax-team-masonry,astrax-addons/includes/Widgets/Team/TeamMasonry.php,".astrax-team-masonry__title","{{WRAPPER}} .astrax-team-masonry__title",PASS,PASS,PASS,PASS,PASS,PASS,READY
"Team Member",astrax-team-member,astrax-addons/includes/Widgets/Team/TeamMember.php,".astrax-team-member__photo .astrax-team-member__content .astrax-team-member__title .astrax-team-member__role","{{WRAPPER}} .astrax-team-member__title {{WRAPPER}} .astrax-team-member__role {{WRAPPER}} .astrax-team-member__photo img",PASS,PASS,PASS,PASS,PASS,PASS,READY
"Team Slider",astrax-team-slider,astrax-addons/includes/Widgets/Team/TeamSlider.php,".astrax-team-slider__title","{{WRAPPER}} .astrax-team-slider__title",PASS,PASS,PASS,PASS,PASS,PASS,READY
"Team Social Links",astrax-team-social-links,astrax-addons/includes/Widgets/Team/TeamSocialLinks.php,".astrax-team-social-links__title","{{WRAPPER}} .astrax-team-social-links__title",PASS,PASS,PASS,PASS,PASS,PASS,READY
"Team Timeline",astrax-team-timeline,astrax-addons/includes/Widgets/Team/TeamTimeline.php,".astrax-team-timeline__title","{{WRAPPER}} .astrax-team-timeline__title",PASS,PASS,PASS,PASS,PASS,PASS,READY
"Customer Reviews",astrax-customer-reviews,astrax-addons/includes/Widgets/Testimonials/CustomerReviews.php,".astrax-testimonial .astrax-testimonial__quote .astrax-testimonial__author .astrax-testimonial__role","{{WRAPPER}} .astrax-customer-reviews__title",PASS,PASS,PASS,PASS,PASS,PASS,READY
"Rating",astrax-rating,astrax-addons/includes/Widgets/Testimonials/Rating.php,".astrax-rating__title","{{WRAPPER}} .astrax-rating__title",PASS,PASS,PASS,PASS,PASS,PASS,READY
"Review Carousel",astrax-review-carousel,astrax-addons/includes/Widgets/Testimonials/ReviewCarousel.php,".astrax-testimonial .astrax-testimonial__quote .astrax-testimonial__author .astrax-testimonial__role","{{WRAPPER}} .astrax-review-carousel__title",PASS,PASS,PASS,PASS,PASS,PASS,READY
"Review Slider",astrax-review-slider,astrax-addons/includes/Widgets/Testimonials/ReviewSlider.php,".astrax-testimonial .astrax-testimonial__quote .astrax-testimonial__author .astrax-testimonial__role","{{WRAPPER}} .astrax-review-slider__title",PASS,PASS,PASS,PASS,PASS,PASS,READY
"Star Rating",astrax-star-rating,astrax-addons/includes/Widgets/Testimonials/StarRating.php,".astrax-star-rating__title","{{WRAPPER}} .astrax-star-rating__title",PASS,PASS,PASS,PASS,PASS,PASS,READY
"Testimonial",astrax-testimonial,astrax-addons/includes/Widgets/Testimonials/Testimonial.php,".astrax-testimonial .astrax-variant-<?php .astrax-testimonial__quote .astrax-testimonial__author .astrax-testimonial__role","{{WRAPPER}} .astrax-testimonial__quote p {{WRAPPER}} .astrax-testimonial__author strong",PASS,PASS,PASS,PASS,PASS,PASS,READY
"Testimonial Cards",astrax-testimonial-cards,astrax-addons/includes/Widgets/Testimonials/TestimonialCards.php,".astrax-testimonial .astrax-testimonial__quote .astrax-testimonial__author .astrax-testimonial__role","{{WRAPPER}} .astrax-testimonial-cards__title",PASS,PASS,PASS,PASS,PASS,PASS,READY
"Testimonial Carousel",astrax-testimonial-carousel,astrax-addons/includes/Widgets/Testimonials/TestimonialCarousel.php,".astrax-testimonial .astrax-testimonial__quote .astrax-testimonial__author .astrax-testimonial__role","{{WRAPPER}} .astrax-testimonial-carousel__title",PASS,PASS,PASS,PASS,PASS,PASS,READY
"Testimonial Grid",astrax-testimonial-grid,astrax-addons/includes/Widgets/Testimonials/TestimonialGrid.php,".astrax-testimonial .astrax-testimonial__quote .astrax-testimonial__author .astrax-testimonial__role","{{WRAPPER}} .astrax-testimonial-grid__title",PASS,PASS,PASS,PASS,PASS,PASS,READY
"Testimonial Masonry",astrax-testimonial-masonry,astrax-addons/includes/Widgets/Testimonials/TestimonialMasonry.php,".astrax-testimonial .astrax-testimonial__quote .astrax-testimonial__author .astrax-testimonial__role","{{WRAPPER}} .astrax-testimonial-masonry__title",PASS,PASS,PASS,PASS,PASS,PASS,READY
"Testimonial Slider",astrax-testimonial-slider,astrax-addons/includes/Widgets/Testimonials/TestimonialSlider.php,".astrax-testimonial .astrax-testimonial__quote .astrax-testimonial__author .astrax-testimonial__role","{{WRAPPER}} .astrax-testimonial-slider__title",PASS,PASS,PASS,PASS,PASS,PASS,READY
"Video Testimonials",astrax-video-testimonials,astrax-addons/includes/Widgets/Testimonials/VideoTestimonials.php,".astrax-video-testimonials__title","{{WRAPPER}} .astrax-video-testimonials__title",PASS,PASS,PASS,PASS,PASS,PASS,READY
"Animated Heading",astrax-animated-heading,astrax-addons/includes/Widgets/Typography/AnimatedHeading.php,".astrax-animated-before .astrax-animated-text .astrax-animated-after","{{WRAPPER}} .astrax-animated-text",PASS,PASS,PASS,PASS,PASS,PASS,READY
"Character Animation",astrax-character-animation,astrax-addons/includes/Widgets/Typography/CharacterAnimation.php,".astrax-character-animation__title","{{WRAPPER}} .astrax-character-animation__title",PASS,PASS,PASS,PASS,PASS,PASS,READY
"Counter",astrax-counter,astrax-addons/includes/Widgets/Typography/Counter.php,".astrax-counter-wrapper .astrax-counter-value .astrax-counter-prefix .astrax-counter-suffix .astrax-counter-title","",PASS,PASS,PASS,PASS,PASS,PASS,READY
"Dynamic Text",astrax-dynamic-text,astrax-addons/includes/Widgets/Typography/DynamicText.php,".astrax-dynamic-text__title","{{WRAPPER}} .astrax-dynamic-text__title",PASS,PASS,PASS,PASS,PASS,PASS,READY
"Glitch Text",astrax-glitch-text,astrax-addons/includes/Widgets/Typography/GlitchText.php,".astrax-glitch-text__title","{{WRAPPER}} .astrax-glitch-text__title",PASS,PASS,PASS,PASS,PASS,PASS,READY
"Gradient Text",astrax-gradient-text,astrax-addons/includes/Widgets/Typography/GradientText.php,".astrax-gradient-text__title","{{WRAPPER}} .astrax-gradient-text__title",PASS,PASS,PASS,PASS,PASS,PASS,READY
"Highlight Animation",astrax-highlight-animation,astrax-addons/includes/Widgets/Typography/HighlightAnimation.php,".astrax-highlight-animation__title","{{WRAPPER}} .astrax-highlight-animation__title",PASS,PASS,PASS,PASS,PASS,PASS,READY
"Stroke Text",astrax-stroke-text,astrax-addons/includes/Widgets/Typography/StrokeText.php,".astrax-stroke-text__title","{{WRAPPER}} .astrax-stroke-text__title",PASS,PASS,PASS,PASS,PASS,PASS,READY
"Text Marquee",astrax-text-marquee,astrax-addons/includes/Widgets/Typography/TextMarquee.php,".astrax-text-marquee .astrax-text-marquee__inner","{{WRAPPER}} .astrax-text-marquee__title",PASS,PASS,PASS,PASS,PASS,PASS,READY
"Text Reveal",astrax-text-reveal,astrax-addons/includes/Widgets/Typography/TextReveal.php,".astrax-text-reveal__title","{{WRAPPER}} .astrax-text-reveal__title",PASS,PASS,PASS,PASS,PASS,PASS,READY
"Text Rotator",astrax-text-rotator,astrax-addons/includes/Widgets/Typography/TextRotator.php,".astrax-text-rotator","{{WRAPPER}} .astrax-text-rotator__title",PASS,PASS,PASS,PASS,PASS,PASS,READY
"Text Split Animation",astrax-text-split-animation,astrax-addons/includes/Widgets/Typography/TextSplitAnimation.php,".astrax-text-split-animation__title","{{WRAPPER}} .astrax-text-split-animation__title",PASS,PASS,PASS,PASS,PASS,PASS,READY
"Typing Text",astrax-typing-text,astrax-addons/includes/Widgets/Typography/TypingText.php,".astrax-typing-text__title","{{WRAPPER}} .astrax-typing-text__title",PASS,PASS,PASS,PASS,PASS,PASS,READY
"Word Animation",astrax-word-animation,astrax-addons/includes/Widgets/Typography/WordAnimation.php,".astrax-word-animation__title","{{WRAPPER}} .astrax-word-animation__title",PASS,PASS,PASS,PASS,PASS,PASS,READY
"Account Menu",astrax-user-account-menu,astrax-addons/includes/Widgets/User/AccountMenu.php,".astrax-user-account-menu__title","{{WRAPPER}} .astrax-user-account-menu__title",PASS,PASS,PASS,PASS,PASS,PASS,READY
"Login",astrax-user-login,astrax-addons/includes/Widgets/User/Login.php,".astrax-user-login__title","{{WRAPPER}} .astrax-user-login__title",PASS,PASS,PASS,PASS,PASS,PASS,READY
"Login Popup",astrax-login-popup,astrax-addons/includes/Widgets/User/LoginPopup.php,".astrax-login-popup__title","{{WRAPPER}} .astrax-login-popup__title",PASS,PASS,PASS,PASS,PASS,PASS,READY
"Logout",astrax-user-logout,astrax-addons/includes/Widgets/User/Logout.php,".astrax-user-logout__title","{{WRAPPER}} .astrax-user-logout__title",PASS,PASS,PASS,PASS,PASS,PASS,READY
"Password Reset",astrax-user-password-reset,astrax-addons/includes/Widgets/User/PasswordReset.php,".astrax-user-password-reset__title","{{WRAPPER}} .astrax-user-password-reset__title",PASS,PASS,PASS,PASS,PASS,PASS,READY
"Register",astrax-user-register,astrax-addons/includes/Widgets/User/Register.php,".astrax-user-register__title","{{WRAPPER}} .astrax-user-register__title",PASS,PASS,PASS,PASS,PASS,PASS,READY
"Social Login",astrax-social-login,astrax-addons/includes/Widgets/User/SocialLogin.php,".astrax-social-login__title","{{WRAPPER}} .astrax-social-login__title",PASS,PASS,PASS,PASS,PASS,PASS,READY
"User Avatar",astrax-user-avatar,astrax-addons/includes/Widgets/User/UserAvatar.php,".astrax-user-avatar__title","{{WRAPPER}} .astrax-user-avatar__title",PASS,PASS,PASS,PASS,PASS,PASS,READY
"User Dashboard",astrax-user-dashboard,astrax-addons/includes/Widgets/User/UserDashboard.php,".astrax-user-dashboard__title","{{WRAPPER}} .astrax-user-dashboard__title",PASS,PASS,PASS,PASS,PASS,PASS,READY
"User Greeting",astrax-user-greeting,astrax-addons/includes/Widgets/User/UserGreeting.php,".astrax-user-greeting__title","{{WRAPPER}} .astrax-user-greeting__title",PASS,PASS,PASS,PASS,PASS,PASS,READY
"User Profile",astrax-user-profile,astrax-addons/includes/Widgets/User/UserProfile.php,".astrax-user-profile__title","{{WRAPPER}} .astrax-user-profile__title",PASS,PASS,PASS,PASS,PASS,PASS,READY
"WidgetManager",astrax-widgetmanager,astrax-addons/includes/Widgets/WidgetManager.php,"","",PASS,PASS,PASS,PASS,PASS,PASS,READY
"WidgetRegistry",astrax-widgetregistry,astrax-addons/includes/Widgets/WidgetRegistry.php,"","",PASS,PASS,PASS,PASS,PASS,PASS,READY
"Add to Cart",astrax-woo-add-to-cart,astrax-addons/includes/Widgets/Woo/AddToCart.php,".astrax-woo-widget .astrax-woo-add-to-cart .astrax-variant-<?php .astrax-woo-add-to-cart-btn .astrax-woo-add-to-cart__title","{{WRAPPER}} .astrax-woo-add-to-cart__title",PASS,PASS,PASS,PASS,PASS,PASS,READY
"AJAX Product Filters",astrax-woo-ajax-filters,astrax-addons/includes/Widgets/Woo/AjaxFilters.php,".astrax-woo-widget","{{WRAPPER}} .astrax-woo-ajax-filters__title",PASS,PASS,PASS,PASS,PASS,PASS,READY
"Best Selling Products",astrax-woo-best-selling,astrax-addons/includes/Widgets/Woo/BestSelling.php,".astrax-woo-widget","{{WRAPPER}} .astrax-woo-best-selling__title",PASS,PASS,PASS,PASS,PASS,PASS,READY
"Buy Now",astrax-woo-buy-now,astrax-addons/includes/Widgets/Woo/BuyNow.php,".astrax-woo-widget .astrax-woo-buy-now .astrax-variant-<?php .astrax-woo-buy-now-btn .astrax-woo-buy-now__title","{{WRAPPER}} .astrax-woo-buy-now__title",PASS,PASS,PASS,PASS,PASS,PASS,READY
"Cart",astrax-woo-cart,astrax-addons/includes/Widgets/Woo/Cart.php,".astrax-woo-widget","{{WRAPPER}} .astrax-woo-cart__title",PASS,PASS,PASS,PASS,PASS,PASS,READY
"Checkout",astrax-woo-checkout,astrax-addons/includes/Widgets/Woo/Checkout.php,".astrax-woo-widget","{{WRAPPER}} .astrax-woo-checkout__title",PASS,PASS,PASS,PASS,PASS,PASS,READY
"Cross-sells",astrax-woo-cross-sells,astrax-addons/includes/Widgets/Woo/CrossSells.php,".astrax-woo-widget","{{WRAPPER}} .astrax-woo-cross-sells__title",PASS,PASS,PASS,PASS,PASS,PASS,READY
"Featured Products",astrax-woo-featured-products,astrax-addons/includes/Widgets/Woo/FeaturedProducts.php,".astrax-woo-widget","{{WRAPPER}} .astrax-woo-featured-products__title",PASS,PASS,PASS,PASS,PASS,PASS,READY
"Flash Sale",astrax-woo-flash-sale,astrax-addons/includes/Widgets/Woo/FlashSale.php,".astrax-woo-widget","{{WRAPPER}} .astrax-woo-flash-sale__title",PASS,PASS,PASS,PASS,PASS,PASS,READY
"Mini Cart",astrax-woo-mini-cart,astrax-addons/includes/Widgets/Woo/MiniCart.php,".astrax-woo-widget","{{WRAPPER}} .astrax-woo-mini-cart__title",PASS,PASS,PASS,PASS,PASS,PASS,READY
"My Account",astrax-woo-my-account,astrax-addons/includes/Widgets/Woo/MyAccount.php,".astrax-woo-widget","{{WRAPPER}} .astrax-woo-my-account__title",PASS,PASS,PASS,PASS,PASS,PASS,READY
"Order Tracking",astrax-woo-order-tracking,astrax-addons/includes/Widgets/Woo/OrderTracking.php,".astrax-woo-widget","{{WRAPPER}} .astrax-woo-order-tracking__title",PASS,PASS,PASS,PASS,PASS,PASS,READY
"Product Accordion",astrax-woo-product-accordion,astrax-addons/includes/Widgets/Woo/ProductAccordion.php,".astrax-woo-widget","{{WRAPPER}} .astrax-woo-product-accordion__title",PASS,PASS,PASS,PASS,PASS,PASS,READY
"Product Badge",astrax-woo-product-badge,astrax-addons/includes/Widgets/Woo/ProductBadge.php,".astrax-woo-widget","{{WRAPPER}} .astrax-woo-product-badge__title",PASS,PASS,PASS,PASS,PASS,PASS,READY
"Product Comparison",astrax-woo-product-comparison,astrax-addons/includes/Widgets/Woo/ProductComparison.php,".astrax-woo-widget","{{WRAPPER}} .astrax-woo-product-comparison__title",PASS,PASS,PASS,PASS,PASS,PASS,READY
"Product Filters",astrax-woo-product-filters,astrax-addons/includes/Widgets/Woo/ProductFilters.php,".astrax-woo-widget","{{WRAPPER}} .astrax-woo-product-filters__title",PASS,PASS,PASS,PASS,PASS,PASS,READY
"Product Gallery",astrax-woo-product-gallery,astrax-addons/includes/Widgets/Woo/ProductGallery.php,".astrax-woo-widget","{{WRAPPER}} .astrax-woo-product-gallery__title",PASS,PASS,PASS,PASS,PASS,PASS,READY
"Product Image",astrax-woo-product-image,astrax-addons/includes/Widgets/Woo/ProductImage.php,".astrax-woo-widget","{{WRAPPER}} .astrax-woo-product-image__title",PASS,PASS,PASS,PASS,PASS,PASS,READY
"Product List",astrax-woo-product-list,astrax-addons/includes/Widgets/Woo/ProductList.php,".astrax-woo-widget","{{WRAPPER}} .astrax-woo-product-list__title",PASS,PASS,PASS,PASS,PASS,PASS,READY
"Product Meta",astrax-woo-product-meta,astrax-addons/includes/Widgets/Woo/ProductMeta.php,".astrax-woo-widget","{{WRAPPER}} .astrax-woo-product-meta__title",PASS,PASS,PASS,PASS,PASS,PASS,READY
"Product Price",astrax-woo-product-price,astrax-addons/includes/Widgets/Woo/ProductPrice.php,".astrax-woo-widget","{{WRAPPER}} .astrax-woo-product-price__title",PASS,PASS,PASS,PASS,PASS,PASS,READY
"Product Rating",astrax-woo-product-rating,astrax-addons/includes/Widgets/Woo/ProductRating.php,".astrax-woo-widget","{{WRAPPER}} .astrax-woo-product-rating__title",PASS,PASS,PASS,PASS,PASS,PASS,READY
"Product Search",astrax-woo-product-search,astrax-addons/includes/Widgets/Woo/ProductSearch.php,".astrax-woo-widget","{{WRAPPER}} .astrax-woo-product-search__title",PASS,PASS,PASS,PASS,PASS,PASS,READY
"Product Slider",astrax-woo-product-slider,astrax-addons/includes/Widgets/Woo/ProductSlider.php,".astrax-woo-widget","{{WRAPPER}} .astrax-woo-product-slider__title",PASS,PASS,PASS,PASS,PASS,PASS,READY
"Product Tabs",astrax-woo-product-tabs,astrax-addons/includes/Widgets/Woo/ProductTabs.php,".astrax-woo-widget","{{WRAPPER}} .astrax-woo-product-tabs__title",PASS,PASS,PASS,PASS,PASS,PASS,READY
"Product Variations",astrax-woo-product-variations,astrax-addons/includes/Widgets/Woo/ProductVariations.php,".astrax-woo-widget","{{WRAPPER}} .astrax-woo-product-variations__title",PASS,PASS,PASS,PASS,PASS,PASS,READY
"Recently Viewed",astrax-woo-recently-viewed,astrax-addons/includes/Widgets/Woo/RecentlyViewed.php,".astrax-woo-widget","{{WRAPPER}} .astrax-woo-recently-viewed__title",PASS,PASS,PASS,PASS,PASS,PASS,READY
"Related Products",astrax-woo-related-products,astrax-addons/includes/Widgets/Woo/RelatedProducts.php,".astrax-woo-widget","{{WRAPPER}} .astrax-woo-related-products__title",PASS,PASS,PASS,PASS,PASS,PASS,READY
"Sale Products",astrax-woo-sale-products,astrax-addons/includes/Widgets/Woo/SaleProducts.php,".astrax-woo-widget","{{WRAPPER}} .astrax-woo-sale-products__title",PASS,PASS,PASS,PASS,PASS,PASS,READY
"Upsells",astrax-woo-upsells,astrax-addons/includes/Widgets/Woo/Upsells.php,".astrax-woo-widget","{{WRAPPER}} .astrax-woo-upsells__title",PASS,PASS,PASS,PASS,PASS,PASS,READY
"Wishlist",astrax-woo-wishlist,astrax-addons/includes/Widgets/Woo/Wishlist.php,".astrax-woo-widget","{{WRAPPER}} .astrax-woo-wishlist__title",PASS,PASS,PASS,PASS,PASS,PASS,READY
"Woo Category Grid",astrax-woo-category-grid,astrax-addons/includes/Widgets/WooCategoryGrid.php,".astrax-notice .astrax-notice--warning .products .astrax-notice--info","{{WRAPPER}} .woocommerce-loop-category__title {{WRAPPER}} ul.products li.product-category",PASS,PASS,PASS,PASS,PASS,PASS,READY
"Woo Product Carousel",astrax-woo-product-carousel,astrax-addons/includes/Widgets/WooProductCarousel.php,".astrax-notice .astrax-notice--warning .products .astrax-notice--info","{{WRAPPER}} .woocommerce-loop-product__title {{WRAPPER}} .price, {{WRAPPER}} .price .amount",PASS,PASS,PASS,PASS,PASS,PASS,READY
"Woo Product Grid",astrax-woo-product-grid,astrax-addons/includes/Widgets/WooProductGrid.php,".astrax-empty-state .products","{{WRAPPER}} .woocommerce-loop-product__title {{WRAPPER}} .price, {{WRAPPER}} .price .amount {{WRAPPER}} ul.products li.product",PASS,PASS,PASS,PASS,PASS,PASS,READY